"node_id","final_module"
1,1
2,1
3,1
4,1
5,1
6,1
7,1
8,1
9,1
10,1
11,1
12,1
13,1
14,1
15,1
16,1
17,2
18,2
19,1
20,1
21,1
22,1
23,1
24,2
25,1
26,1
27,1
28,1
29,1
30,1
31,1
32,1
33,2
34,2
35,1
36,1
37,1
38,1
39,1
40,1
41,1
42,1
43,1
44,2
45,1
46,1
47,2
48,1
49,1
50,1
51,1
52,1
53,1
54,1
55,1
56,1
57,1
58,1
59,1
60,1
61,1
62,2
63,1
64,1
65,1
66,1
67,1
68,1
69,1
70,1
71,1
72,2
73,1
74,1
75,1
76,2
77,1
78,1
79,1
80,1
81,1
82,1
83,1
84,1
85,1
86,1
87,2
88,2
89,1
90,1
91,1
92,2
93,1
94,1
95,1
96,1
97,1
98,1
99,1
100,1
101,2
102,1
103,1
104,1
105,1
106,1
107,1
108,1
109,1
110,1
111,1
112,1
113,1
114,1
115,1
116,1
117,1
118,1
119,2
120,1
121,1
122,2
123,1
124,1
125,1
126,1
127,1
128,1
129,2
130,1
131,1
132,2
133,1
134,1
135,1
136,1
137,1
138,1
139,1
140,2
141,2
142,1
143,1
144,1
145,1
146,2
147,1
148,1
149,1
150,1
151,1
152,1
153,1
154,1
155,1
156,1
157,1
158,1
159,1
160,1
161,1
162,1
163,1
164,2
165,1
166,1
167,1
168,1
169,1
170,1
171,1
172,1
173,1
174,1
175,1
176,1
177,1
178,1
179,1
180,1
181,1
182,1
183,1
184,1
185,1
186,1
187,1
188,1
189,1
190,1
191,1
192,3
193,3
194,3
195,3
196,3
197,3
198,3
199,3
200,3
201,3
202,3
203,3
204,3
205,3
206,3
207,3
208,3
209,3
210,3
211,3
212,3
213,3
214,3
215,3
216,3
217,3
218,3
219,3
220,3
221,3
222,3
223,3
224,3
225,3
226,3
227,3
228,3
229,3
230,3
231,3
232,3
233,3
234,3
235,3
236,3
237,3
238,3
239,3
240,3
241,3
242,3
243,3
244,3
245,3
246,3
247,3
248,3
249,3
250,3
251,3
252,3
253,3
254,3
255,3
256,3
257,3
258,3
259,3
260,3
261,3
262,3
263,3
264,3
265,3
266,3
267,3
268,3
269,3
270,3
271,3
272,3
273,3
274,3
275,3
276,3
277,3
278,3
279,3
280,3
281,3
282,3
283,3
284,3
285,3
286,3
287,3
288,3
289,3
290,3
291,3
292,3
293,3
294,3
295,3
296,3
297,3
298,3
299,3
300,3
301,3
302,3
303,3
304,3
305,3
306,3
307,3
308,3
309,3
310,3
311,3
312,3
313,3
314,3
315,3
316,3
317,3
318,3
319,3
320,3
321,3
322,3
323,3
324,3
325,3
326,3
327,3
328,3
329,3
330,3
331,3
332,3
333,3
334,3
335,3
336,3
337,3
338,3
339,3
340,3
341,3
342,3
343,3
344,3
345,3
346,3
347,3
348,3
349,3
350,3
351,3
352,3
353,3
354,3
355,3
356,3
357,3
358,3
359,3
360,3
361,3
362,3
363,3
364,3
365,3
366,3
367,3
368,3
369,3
370,3
371,3
372,3
373,3
374,3
375,3
376,3
377,3
378,3
379,3
380,3
381,3
382,3
383,3
384,3
385,3
386,3
387,4
388,5
389,6
390,7
391,4
392,8
393,4
394,6
395,6
396,8
397,4
398,4
399,9
400,6
401,6
402,4
403,10
404,8
405,4
406,6
407,6
408,4
409,6
410,8
411,5
412,10
413,10
414,5
415,5
416,9
417,6
418,10
419,4
420,10
421,8
422,7
423,9
424,9
425,8
426,4
427,4
428,8
429,8
430,8
431,6
432,4
433,4
434,8
435,10
436,8
437,6
438,6
439,7
440,4
441,10
442,5
443,5
444,10
445,8
446,9
447,6
448,7
449,7
450,7
451,7
452,10
453,5
454,7
455,8
456,6
457,5
458,4
459,10
460,5
461,5
462,5
463,7
464,4
465,4
466,4
467,5
468,10
469,9
470,8
471,4
472,5
473,7
474,9
475,5
476,9
477,9
478,9
479,5
480,6
481,5
482,4
483,9
484,8
485,10
486,10
487,5
488,6
489,6
490,5
491,8
492,4
493,4
494,7
495,8
496,5
497,4
498,8
499,9
500,6
501,4
502,4
503,7
504,5
505,7
506,4
507,6
508,9
509,4
510,8
511,8
512,10
513,4
514,8
515,8
516,10
517,10
518,7
519,8
520,10
521,8
522,8
523,10
524,10
525,6
526,8
527,6
528,6
529,4
530,7
531,8
532,4
533,9
534,8
535,6
536,8
537,9
538,10
539,10
540,9
541,8
542,7
543,8
544,8
545,7
546,8
547,9
548,8
549,7
550,9
551,4
552,10
553,9
554,5
555,7
556,6
557,7
558,4
559,8
560,8
561,9
562,6
563,9
564,8
565,4
566,4
567,4
568,8
569,4
570,8
571,7
572,4
573,4
574,6
575,10
576,5
577,6
578,4
579,4
580,4
581,10
582,8
583,10
584,8
585,5
586,7
587,6
588,4
589,8
590,5
591,6
592,8
593,4
594,4
595,4
596,5
597,6
598,6
599,9
600,7
601,8
602,4
603,6
604,8
605,5
606,6
607,8
608,4
609,6
610,10
611,5
612,10
613,8
614,7
615,9
616,4
617,5
618,9
619,8
620,6
621,9
622,9
623,9
624,6
625,9
626,8
627,6
628,4
629,10
630,8
631,8
632,8
633,6
634,8
635,11
636,12
637,13
638,13
639,12
640,14
641,12
642,11
643,15
644,13
645,11
646,12
647,13
648,14
649,15
650,14
651,13
652,13
653,14
654,11
655,14
656,12
657,15
658,12
659,11
660,11
661,11
662,11
663,11
664,14
665,12
666,12
667,14
668,14
669,15
670,11
671,12
672,13
673,14
674,12
675,14
676,14
677,11
678,14
679,13
680,14
681,11
682,14
683,12
684,11
685,11
686,14
687,12
688,12
689,15
690,12
691,14
692,12
693,15
694,12
695,11
696,15
697,11
698,13
699,12
700,15
701,11
702,13
703,13
704,11
705,14
706,13
707,15
708,15
709,13
710,12
711,11
712,11
713,12
714,11
715,14
716,11
717,15
718,14
719,15
720,11
721,15
722,11
723,13
724,11
725,15
726,15
727,14
728,14
729,13
730,11
731,14
732,13
733,12
734,14
735,12
736,12
737,15
738,12
739,15
740,15
741,12
742,11
743,12
744,11
745,11
746,14
747,11
748,11
749,12
750,15
751,12
752,15
753,12
754,12
755,12
756,14
757,13
758,14
759,15
760,12
761,13
762,11
763,14
764,11
765,14
766,14
767,11
768,11
769,13
770,14
771,14
772,14
773,15
774,11
775,13
776,15
777,13
778,13
779,15
780,15
781,12
782,15
783,13
784,14
785,15
786,11
787,15
788,15
789,13
790,15
791,13
792,15
793,15
794,12
795,15
796,11
797,12
798,12
799,13
800,14
801,12
802,11
803,11
804,14
805,12
806,13
807,15
808,12
809,12
810,13
811,11
812,15
813,13
814,13
815,11
816,11
817,14
818,15
819,11
820,11
821,13
822,13
823,13
824,11
825,12
826,12
827,11
828,12
829,15
830,11
831,13
832,11
833,13
834,14
835,14
836,15
837,15
838,11
839,15
840,16
841,16
842,16
843,16
844,16
845,16
846,16
847,16
848,16
849,16
850,16
851,16
852,16
853,16
854,16
855,16
856,16
857,16
858,16
859,16
860,16
861,16
862,16
863,16
864,16
865,16
866,16
867,16
868,16
869,16
870,16
871,16
872,16
873,16
874,16
875,16
876,16
877,16
878,16
879,16
880,16
881,16
882,16
883,16
884,16
885,16
886,16
887,16
888,16
889,16
890,16
891,16
892,16
893,16
894,16
895,16
896,16
897,16
898,16
899,16
900,16
901,16
902,16
903,16
904,16
905,16
906,16
907,16
908,16
909,16
910,16
911,16
912,16
913,16
914,16
915,16
916,16
917,16
918,16
919,16
920,16
921,16
922,16
923,16
924,16
925,16
926,16
927,16
928,16
929,16
930,16
931,16
932,16
933,16
934,16
935,16
936,16
937,16
938,16
939,16
940,16
941,16
942,16
943,16
944,16
945,16
946,16
947,16
948,16
949,16
950,16
951,16
952,16
953,16
954,16
955,16
956,16
957,16
958,16
959,16
960,16
961,16
962,16
963,16
964,16
965,16
966,16
967,16
968,16
969,16
970,16
971,16
972,16
973,16
974,16
975,16
976,16
977,16
978,16
979,16
980,16
981,16
982,16
983,16
984,16
985,16
986,16
987,16
988,16
989,16
990,16
991,16
992,16
993,16
994,16
995,16
996,16
997,16
998,16
999,16
1000,16
