"variante","scope","red","configuracion","semilla_red","semilla_algoritmo","repeticion","nb_trials","nodos","aristas","step","input_modules","module_graph_nodes","module_graph_edges","build_elapsed_sec","infomap_elapsed_sec","parent_modules","accepted_level","stop_reason"
"prototipo","principal","Zachary Karate Club","Zachary",NA,123,1,500,34,78,1,3,3,2,0,0.01,1,TRUE,"raiz_unica_alcanzada"
"prototipo","principal","Zachary Karate Club","Zachary",NA,123,2,500,34,78,1,3,3,2,0,0,1,TRUE,"raiz_unica_alcanzada"
"prototipo","principal","Zachary Karate Club","Zachary",NA,123,3,500,34,78,1,3,3,2,0,0,1,TRUE,"raiz_unica_alcanzada"
"prototipo","principal","Zachary Karate Club","Zachary",NA,123,4,500,34,78,1,3,3,2,0,0.0199999999999998,1,TRUE,"raiz_unica_alcanzada"
"prototipo","principal","Zachary Karate Club","Zachary",NA,123,5,500,34,78,1,3,3,2,0,0,1,TRUE,"raiz_unica_alcanzada"
"prototipo","principal","USairports","USairports",NA,123,1,500,745,4618,1,52,52,92,0.0199999999999996,0.0800000000000018,5,TRUE,"nivel_aceptado"
"prototipo","principal","USairports","USairports",NA,123,1,500,745,4618,2,5,5,6,0,0,1,TRUE,"raiz_unica_alcanzada"
"prototipo","principal","USairports","USairports",NA,123,2,500,745,4618,1,52,52,92,0,0.100000000000001,5,TRUE,"nivel_aceptado"
"prototipo","principal","USairports","USairports",NA,123,2,500,745,4618,2,5,5,6,0,0,1,TRUE,"raiz_unica_alcanzada"
"prototipo","principal","USairports","USairports",NA,123,3,500,745,4618,1,52,52,92,0,0.0900000000000034,5,TRUE,"nivel_aceptado"
"prototipo","principal","USairports","USairports",NA,123,3,500,745,4618,2,5,5,6,0,0,1,TRUE,"raiz_unica_alcanzada"
"prototipo","principal","USairports","USairports",NA,123,4,500,745,4618,1,52,52,92,0,0.0799999999999983,5,TRUE,"nivel_aceptado"
"prototipo","principal","USairports","USairports",NA,123,4,500,745,4618,2,5,5,6,0.0200000000000031,0,1,TRUE,"raiz_unica_alcanzada"
"prototipo","principal","USairports","USairports",NA,123,5,500,745,4618,1,52,52,92,0,0.0799999999999983,5,TRUE,"nivel_aceptado"
"prototipo","principal","USairports","USairports",NA,123,5,500,745,4618,2,5,5,6,0.0100000000000051,0,1,TRUE,"raiz_unica_alcanzada"
"prototipo","principal","Yeast","yeast",NA,123,1,500,2375,11693,1,203,203,944,0.0200000000000102,2.22999999999999,15,TRUE,"nivel_aceptado"
"prototipo","principal","Yeast","yeast",NA,123,1,500,2375,11693,2,15,15,59,0.0200000000000102,0.039999999999992,1,TRUE,"raiz_unica_alcanzada"
"prototipo","principal","Yeast","yeast",NA,123,2,500,2375,11693,1,203,203,944,0,2.25,15,TRUE,"nivel_aceptado"
"prototipo","principal","Yeast","yeast",NA,123,2,500,2375,11693,2,15,15,59,0,0.0300000000000011,1,TRUE,"raiz_unica_alcanzada"
"prototipo","principal","Yeast","yeast",NA,123,3,500,2375,11693,1,203,203,944,0,2.25,15,TRUE,"nivel_aceptado"
"prototipo","principal","Yeast","yeast",NA,123,3,500,2375,11693,2,15,15,59,0.0100000000000477,0.0199999999999818,1,TRUE,"raiz_unica_alcanzada"
"prototipo","principal","Yeast","yeast",NA,123,4,500,2375,11693,1,203,203,944,0,2.26999999999998,15,TRUE,"nivel_aceptado"
"prototipo","principal","Yeast","yeast",NA,123,4,500,2375,11693,2,15,15,59,0.0100000000000477,0.0199999999999818,1,TRUE,"raiz_unica_alcanzada"
"prototipo","principal","Yeast","yeast",NA,123,5,500,2375,11693,1,203,203,944,0,2.25,15,TRUE,"nivel_aceptado"
"prototipo","principal","Yeast","yeast",NA,123,5,500,2375,11693,2,15,15,59,0,0.0399999999999636,1,TRUE,"raiz_unica_alcanzada"
"prototipo","principal","LFR 5000","LFR_5000_jerarquia_reforzada",NA,123,1,100,5000,48631,1,147,147,3818,0.0300000000000296,0.189999999999998,6,TRUE,"nivel_aceptado"
"prototipo","principal","LFR 5000","LFR_5000_jerarquia_reforzada",NA,123,1,100,5000,48631,2,6,6,15,0.0400000000000205,0,1,TRUE,"raiz_unica_alcanzada"
"prototipo","principal","LFR 5000","LFR_5000_jerarquia_reforzada",NA,123,2,100,5000,48631,1,147,147,3818,0.0300000000000296,0.199999999999989,6,TRUE,"nivel_aceptado"
"prototipo","principal","LFR 5000","LFR_5000_jerarquia_reforzada",NA,123,2,100,5000,48631,2,6,6,15,0.0299999999999727,0,1,TRUE,"raiz_unica_alcanzada"
"prototipo","principal","LFR 5000","LFR_5000_jerarquia_reforzada",NA,123,3,100,5000,48631,1,147,147,3818,0.0300000000000296,0.20999999999998,6,TRUE,"nivel_aceptado"
"prototipo","principal","LFR 5000","LFR_5000_jerarquia_reforzada",NA,123,3,100,5000,48631,2,6,6,15,0.0299999999999727,0,1,TRUE,"raiz_unica_alcanzada"
"prototipo","principal","LFR 5000","LFR_5000_jerarquia_reforzada",NA,123,4,100,5000,48631,1,147,147,3818,0.0300000000000296,0.199999999999989,6,TRUE,"nivel_aceptado"
"prototipo","principal","LFR 5000","LFR_5000_jerarquia_reforzada",NA,123,4,100,5000,48631,2,6,6,15,0.0300000000000296,0,1,TRUE,"raiz_unica_alcanzada"
"prototipo","principal","LFR 5000","LFR_5000_jerarquia_reforzada",NA,123,5,100,5000,48631,1,147,147,3818,0.0299999999999727,0.199999999999989,6,TRUE,"nivel_aceptado"
"prototipo","principal","LFR 5000","LFR_5000_jerarquia_reforzada",NA,123,5,100,5000,48631,2,6,6,15,0.0200000000000387,0,1,TRUE,"raiz_unica_alcanzada"
"prototipo","barrido_lfr","LFR mu1_0.05_mu2_0.20 semilla 101","mu1_0.05_mu2_0.20",101,101,1,100,1000,9912,1,31,31,330,0,0.0299999999999727,5,TRUE,"nivel_aceptado"
"prototipo","barrido_lfr","LFR mu1_0.05_mu2_0.20 semilla 101","mu1_0.05_mu2_0.20",101,101,1,100,1000,9912,2,5,5,10,0,0,1,TRUE,"raiz_unica_alcanzada"
"prototipo","barrido_lfr","LFR mu1_0.05_mu2_0.20 semilla 101","mu1_0.05_mu2_0.20",101,101,2,100,1000,9912,1,31,31,330,0.0100000000000477,0.0199999999999818,5,TRUE,"nivel_aceptado"
"prototipo","barrido_lfr","LFR mu1_0.05_mu2_0.20 semilla 101","mu1_0.05_mu2_0.20",101,101,2,100,1000,9912,2,5,5,10,0.00999999999999091,0,1,TRUE,"raiz_unica_alcanzada"
"prototipo","barrido_lfr","LFR mu1_0.05_mu2_0.20 semilla 101","mu1_0.05_mu2_0.20",101,101,3,100,1000,9912,1,31,31,330,0,0.0300000000000296,5,TRUE,"nivel_aceptado"
"prototipo","barrido_lfr","LFR mu1_0.05_mu2_0.20 semilla 101","mu1_0.05_mu2_0.20",101,101,3,100,1000,9912,2,5,5,10,0,0,1,TRUE,"raiz_unica_alcanzada"
"prototipo","barrido_lfr","LFR mu1_0.05_mu2_0.20 semilla 101","mu1_0.05_mu2_0.20",101,101,4,100,1000,9912,1,31,31,330,0.0199999999999818,0.0299999999999727,5,TRUE,"nivel_aceptado"
"prototipo","barrido_lfr","LFR mu1_0.05_mu2_0.20 semilla 101","mu1_0.05_mu2_0.20",101,101,4,100,1000,9912,2,5,5,10,0,0,1,TRUE,"raiz_unica_alcanzada"
"prototipo","barrido_lfr","LFR mu1_0.05_mu2_0.20 semilla 101","mu1_0.05_mu2_0.20",101,101,5,100,1000,9912,1,31,31,330,0.0199999999999818,0.0100000000000477,5,TRUE,"nivel_aceptado"
"prototipo","barrido_lfr","LFR mu1_0.05_mu2_0.20 semilla 101","mu1_0.05_mu2_0.20",101,101,5,100,1000,9912,2,5,5,10,0.0199999999999818,0,1,TRUE,"raiz_unica_alcanzada"
"prototipo","barrido_lfr","LFR mu1_0.05_mu2_0.20 semilla 202","mu1_0.05_mu2_0.20",202,202,1,100,1000,9770,1,26,26,284,0,0.0299999999999727,5,TRUE,"nivel_aceptado"
"prototipo","barrido_lfr","LFR mu1_0.05_mu2_0.20 semilla 202","mu1_0.05_mu2_0.20",202,202,1,100,1000,9770,2,5,5,10,0.0100000000000477,0,1,TRUE,"raiz_unica_alcanzada"
"prototipo","barrido_lfr","LFR mu1_0.05_mu2_0.20 semilla 202","mu1_0.05_mu2_0.20",202,202,2,100,1000,9770,1,26,26,284,0,0.0299999999999727,5,TRUE,"nivel_aceptado"
"prototipo","barrido_lfr","LFR mu1_0.05_mu2_0.20 semilla 202","mu1_0.05_mu2_0.20",202,202,2,100,1000,9770,2,5,5,10,0,0,1,TRUE,"raiz_unica_alcanzada"
"prototipo","barrido_lfr","LFR mu1_0.05_mu2_0.20 semilla 202","mu1_0.05_mu2_0.20",202,202,3,100,1000,9770,1,26,26,284,0,0.00999999999999091,5,TRUE,"nivel_aceptado"
"prototipo","barrido_lfr","LFR mu1_0.05_mu2_0.20 semilla 202","mu1_0.05_mu2_0.20",202,202,3,100,1000,9770,2,5,5,10,0.0200000000000387,0,1,TRUE,"raiz_unica_alcanzada"
"prototipo","barrido_lfr","LFR mu1_0.05_mu2_0.20 semilla 202","mu1_0.05_mu2_0.20",202,202,4,100,1000,9770,1,26,26,284,0,0,5,TRUE,"nivel_aceptado"
"prototipo","barrido_lfr","LFR mu1_0.05_mu2_0.20 semilla 202","mu1_0.05_mu2_0.20",202,202,4,100,1000,9770,2,5,5,10,0.0199999999999818,0,1,TRUE,"raiz_unica_alcanzada"
"prototipo","barrido_lfr","LFR mu1_0.05_mu2_0.20 semilla 202","mu1_0.05_mu2_0.20",202,202,5,100,1000,9770,1,26,26,284,0,0.0199999999999818,5,TRUE,"nivel_aceptado"
"prototipo","barrido_lfr","LFR mu1_0.05_mu2_0.20 semilla 202","mu1_0.05_mu2_0.20",202,202,5,100,1000,9770,2,5,5,10,0.00999999999999091,0,1,TRUE,"raiz_unica_alcanzada"
"prototipo","barrido_lfr","LFR mu1_0.05_mu2_0.20 semilla 303","mu1_0.05_mu2_0.20",303,303,1,100,1000,9722,1,25,25,255,0.0199999999999818,0.0199999999999818,4,TRUE,"nivel_aceptado"
"prototipo","barrido_lfr","LFR mu1_0.05_mu2_0.20 semilla 303","mu1_0.05_mu2_0.20",303,303,1,100,1000,9722,2,4,4,6,0,0,1,TRUE,"raiz_unica_alcanzada"
"prototipo","barrido_lfr","LFR mu1_0.05_mu2_0.20 semilla 303","mu1_0.05_mu2_0.20",303,303,2,100,1000,9722,1,25,25,255,0.0199999999999818,0.00999999999999091,4,TRUE,"nivel_aceptado"
"prototipo","barrido_lfr","LFR mu1_0.05_mu2_0.20 semilla 303","mu1_0.05_mu2_0.20",303,303,2,100,1000,9722,2,4,4,6,0,0,1,TRUE,"raiz_unica_alcanzada"
"prototipo","barrido_lfr","LFR mu1_0.05_mu2_0.20 semilla 303","mu1_0.05_mu2_0.20",303,303,3,100,1000,9722,1,25,25,255,0,0.0100000000000477,4,TRUE,"nivel_aceptado"
"prototipo","barrido_lfr","LFR mu1_0.05_mu2_0.20 semilla 303","mu1_0.05_mu2_0.20",303,303,3,100,1000,9722,2,4,4,6,0.0199999999999818,0,1,TRUE,"raiz_unica_alcanzada"
"prototipo","barrido_lfr","LFR mu1_0.05_mu2_0.20 semilla 303","mu1_0.05_mu2_0.20",303,303,4,100,1000,9722,1,25,25,255,0.00999999999999091,0.0200000000000387,4,TRUE,"nivel_aceptado"
"prototipo","barrido_lfr","LFR mu1_0.05_mu2_0.20 semilla 303","mu1_0.05_mu2_0.20",303,303,4,100,1000,9722,2,4,4,6,0,0.00999999999999091,1,TRUE,"raiz_unica_alcanzada"
"prototipo","barrido_lfr","LFR mu1_0.05_mu2_0.20 semilla 303","mu1_0.05_mu2_0.20",303,303,5,100,1000,9722,1,25,25,255,0,0.0199999999999818,4,TRUE,"nivel_aceptado"
"prototipo","barrido_lfr","LFR mu1_0.05_mu2_0.20 semilla 303","mu1_0.05_mu2_0.20",303,303,5,100,1000,9722,2,4,4,6,0,0,1,TRUE,"raiz_unica_alcanzada"
"prototipo","barrido_lfr","LFR mu1_0.05_mu2_0.30 semilla 101","mu1_0.05_mu2_0.30",101,101,1,100,1000,9714,1,23,23,211,0,0.0100000000000477,4,TRUE,"nivel_aceptado"
"prototipo","barrido_lfr","LFR mu1_0.05_mu2_0.30 semilla 101","mu1_0.05_mu2_0.30",101,101,1,100,1000,9714,2,4,4,6,0,0,1,TRUE,"raiz_unica_alcanzada"
"prototipo","barrido_lfr","LFR mu1_0.05_mu2_0.30 semilla 101","mu1_0.05_mu2_0.30",101,101,2,100,1000,9714,1,23,23,211,0,0.0200000000000387,4,TRUE,"nivel_aceptado"
"prototipo","barrido_lfr","LFR mu1_0.05_mu2_0.30 semilla 101","mu1_0.05_mu2_0.30",101,101,2,100,1000,9714,2,4,4,6,0.0199999999999818,0,1,TRUE,"raiz_unica_alcanzada"
"prototipo","barrido_lfr","LFR mu1_0.05_mu2_0.30 semilla 101","mu1_0.05_mu2_0.30",101,101,3,100,1000,9714,1,23,23,211,0,0.0199999999999818,4,TRUE,"nivel_aceptado"
"prototipo","barrido_lfr","LFR mu1_0.05_mu2_0.30 semilla 101","mu1_0.05_mu2_0.30",101,101,3,100,1000,9714,2,4,4,6,0.00999999999999091,0,1,TRUE,"raiz_unica_alcanzada"
"prototipo","barrido_lfr","LFR mu1_0.05_mu2_0.30 semilla 101","mu1_0.05_mu2_0.30",101,101,4,100,1000,9714,1,23,23,211,0,0.00999999999999091,4,TRUE,"nivel_aceptado"
"prototipo","barrido_lfr","LFR mu1_0.05_mu2_0.30 semilla 101","mu1_0.05_mu2_0.30",101,101,4,100,1000,9714,2,4,4,6,0.0199999999999818,0,1,TRUE,"raiz_unica_alcanzada"
"prototipo","barrido_lfr","LFR mu1_0.05_mu2_0.30 semilla 101","mu1_0.05_mu2_0.30",101,101,5,100,1000,9714,1,23,23,211,0,0.0100000000000477,4,TRUE,"nivel_aceptado"
"prototipo","barrido_lfr","LFR mu1_0.05_mu2_0.30 semilla 101","mu1_0.05_mu2_0.30",101,101,5,100,1000,9714,2,4,4,6,0.0199999999999818,0,1,TRUE,"raiz_unica_alcanzada"
"prototipo","barrido_lfr","LFR mu1_0.05_mu2_0.30 semilla 202","mu1_0.05_mu2_0.30",202,202,1,100,1000,9852,1,21,21,190,0,0,3,TRUE,"nivel_aceptado"
"prototipo","barrido_lfr","LFR mu1_0.05_mu2_0.30 semilla 202","mu1_0.05_mu2_0.30",202,202,1,100,1000,9852,2,3,3,3,0.0199999999999818,0,1,TRUE,"raiz_unica_alcanzada"
"prototipo","barrido_lfr","LFR mu1_0.05_mu2_0.30 semilla 202","mu1_0.05_mu2_0.30",202,202,2,100,1000,9852,1,21,21,190,0.00999999999999091,0.0199999999999818,3,TRUE,"nivel_aceptado"
"prototipo","barrido_lfr","LFR mu1_0.05_mu2_0.30 semilla 202","mu1_0.05_mu2_0.30",202,202,2,100,1000,9852,2,3,3,3,0,0,1,TRUE,"raiz_unica_alcanzada"
"prototipo","barrido_lfr","LFR mu1_0.05_mu2_0.30 semilla 202","mu1_0.05_mu2_0.30",202,202,3,100,1000,9852,1,21,21,190,0,0.0199999999999818,3,TRUE,"nivel_aceptado"
"prototipo","barrido_lfr","LFR mu1_0.05_mu2_0.30 semilla 202","mu1_0.05_mu2_0.30",202,202,3,100,1000,9852,2,3,3,3,0,0,1,TRUE,"raiz_unica_alcanzada"
"prototipo","barrido_lfr","LFR mu1_0.05_mu2_0.30 semilla 202","mu1_0.05_mu2_0.30",202,202,4,100,1000,9852,1,21,21,190,0.0199999999999818,0.00999999999999091,3,TRUE,"nivel_aceptado"
"prototipo","barrido_lfr","LFR mu1_0.05_mu2_0.30 semilla 202","mu1_0.05_mu2_0.30",202,202,4,100,1000,9852,2,3,3,3,0,0,1,TRUE,"raiz_unica_alcanzada"
"prototipo","barrido_lfr","LFR mu1_0.05_mu2_0.30 semilla 202","mu1_0.05_mu2_0.30",202,202,5,100,1000,9852,1,21,21,190,0,0.0100000000000477,3,TRUE,"nivel_aceptado"
"prototipo","barrido_lfr","LFR mu1_0.05_mu2_0.30 semilla 202","mu1_0.05_mu2_0.30",202,202,5,100,1000,9852,2,3,3,3,0,0,1,TRUE,"raiz_unica_alcanzada"
"prototipo","barrido_lfr","LFR mu1_0.05_mu2_0.30 semilla 303","mu1_0.05_mu2_0.30",303,303,1,100,1000,9838,1,19,19,149,0,0.0199999999999818,3,TRUE,"nivel_aceptado"
"prototipo","barrido_lfr","LFR mu1_0.05_mu2_0.30 semilla 303","mu1_0.05_mu2_0.30",303,303,1,100,1000,9838,2,3,3,3,0,0.0100000000000477,1,TRUE,"raiz_unica_alcanzada"
"prototipo","barrido_lfr","LFR mu1_0.05_mu2_0.30 semilla 303","mu1_0.05_mu2_0.30",303,303,2,100,1000,9838,1,19,19,149,0,0.0100000000000477,3,TRUE,"nivel_aceptado"
"prototipo","barrido_lfr","LFR mu1_0.05_mu2_0.30 semilla 303","mu1_0.05_mu2_0.30",303,303,2,100,1000,9838,2,3,3,3,0.0199999999999818,0,1,TRUE,"raiz_unica_alcanzada"
"prototipo","barrido_lfr","LFR mu1_0.05_mu2_0.30 semilla 303","mu1_0.05_mu2_0.30",303,303,3,100,1000,9838,1,19,19,149,0,0.0199999999999818,3,TRUE,"nivel_aceptado"
"prototipo","barrido_lfr","LFR mu1_0.05_mu2_0.30 semilla 303","mu1_0.05_mu2_0.30",303,303,3,100,1000,9838,2,3,3,3,0,0,1,TRUE,"raiz_unica_alcanzada"
"prototipo","barrido_lfr","LFR mu1_0.05_mu2_0.30 semilla 303","mu1_0.05_mu2_0.30",303,303,4,100,1000,9838,1,19,19,149,0.00999999999999091,0.0200000000000387,3,TRUE,"nivel_aceptado"
"prototipo","barrido_lfr","LFR mu1_0.05_mu2_0.30 semilla 303","mu1_0.05_mu2_0.30",303,303,4,100,1000,9838,2,3,3,3,0,0,1,TRUE,"raiz_unica_alcanzada"
"prototipo","barrido_lfr","LFR mu1_0.05_mu2_0.30 semilla 303","mu1_0.05_mu2_0.30",303,303,5,100,1000,9838,1,19,19,149,0,0.00999999999999091,3,TRUE,"nivel_aceptado"
"prototipo","barrido_lfr","LFR mu1_0.05_mu2_0.30 semilla 303","mu1_0.05_mu2_0.30",303,303,5,100,1000,9838,2,3,3,3,0,0,1,TRUE,"raiz_unica_alcanzada"
"prototipo","barrido_lfr","LFR mu1_0.05_mu2_0.40 semilla 101","mu1_0.05_mu2_0.40",101,101,1,100,1000,9788,1,11,11,55,0.0199999999999818,0,1,TRUE,"raiz_unica_alcanzada"
"prototipo","barrido_lfr","LFR mu1_0.05_mu2_0.40 semilla 101","mu1_0.05_mu2_0.40",101,101,2,100,1000,9788,1,11,11,55,0,0.0199999999999818,1,TRUE,"raiz_unica_alcanzada"
"prototipo","barrido_lfr","LFR mu1_0.05_mu2_0.40 semilla 101","mu1_0.05_mu2_0.40",101,101,3,100,1000,9788,1,11,11,55,0.0199999999999818,0,1,TRUE,"raiz_unica_alcanzada"
"prototipo","barrido_lfr","LFR mu1_0.05_mu2_0.40 semilla 101","mu1_0.05_mu2_0.40",101,101,4,100,1000,9788,1,11,11,55,0.00999999999999091,0,1,TRUE,"raiz_unica_alcanzada"
"prototipo","barrido_lfr","LFR mu1_0.05_mu2_0.40 semilla 101","mu1_0.05_mu2_0.40",101,101,5,100,1000,9788,1,11,11,55,0.00999999999999091,0,1,TRUE,"raiz_unica_alcanzada"
"prototipo","barrido_lfr","LFR mu1_0.05_mu2_0.40 semilla 202","mu1_0.05_mu2_0.40",202,202,1,100,1000,9808,1,12,12,66,0.0199999999999818,0,1,TRUE,"raiz_unica_alcanzada"
"prototipo","barrido_lfr","LFR mu1_0.05_mu2_0.40 semilla 202","mu1_0.05_mu2_0.40",202,202,2,100,1000,9808,1,12,12,66,0,0,1,TRUE,"raiz_unica_alcanzada"
"prototipo","barrido_lfr","LFR mu1_0.05_mu2_0.40 semilla 202","mu1_0.05_mu2_0.40",202,202,3,100,1000,9808,1,12,12,66,0,0.0200000000000387,1,TRUE,"raiz_unica_alcanzada"
"prototipo","barrido_lfr","LFR mu1_0.05_mu2_0.40 semilla 202","mu1_0.05_mu2_0.40",202,202,4,100,1000,9808,1,12,12,66,0,0.0199999999999818,1,TRUE,"raiz_unica_alcanzada"
"prototipo","barrido_lfr","LFR mu1_0.05_mu2_0.40 semilla 202","mu1_0.05_mu2_0.40",202,202,5,100,1000,9808,1,12,12,66,0,0,1,TRUE,"raiz_unica_alcanzada"
"prototipo","barrido_lfr","LFR mu1_0.05_mu2_0.40 semilla 303","mu1_0.05_mu2_0.40",303,303,1,100,1000,9876,1,12,12,66,0.0199999999999818,0,1,TRUE,"raiz_unica_alcanzada"
"prototipo","barrido_lfr","LFR mu1_0.05_mu2_0.40 semilla 303","mu1_0.05_mu2_0.40",303,303,2,100,1000,9876,1,12,12,66,0.00999999999999091,0,1,TRUE,"raiz_unica_alcanzada"
"prototipo","barrido_lfr","LFR mu1_0.05_mu2_0.40 semilla 303","mu1_0.05_mu2_0.40",303,303,3,100,1000,9876,1,12,12,66,0.0100000000000477,0,1,TRUE,"raiz_unica_alcanzada"
"prototipo","barrido_lfr","LFR mu1_0.05_mu2_0.40 semilla 303","mu1_0.05_mu2_0.40",303,303,4,100,1000,9876,1,12,12,66,0.0300000000000296,0,1,TRUE,"raiz_unica_alcanzada"
"prototipo","barrido_lfr","LFR mu1_0.05_mu2_0.40 semilla 303","mu1_0.05_mu2_0.40",303,303,5,100,1000,9876,1,12,12,66,0,0,1,TRUE,"raiz_unica_alcanzada"
"prototipo","barrido_lfr","LFR mu1_0.10_mu2_0.20 semilla 101","mu1_0.10_mu2_0.20",101,101,1,100,1000,9657,1,29,29,371,0.00999999999999091,0.0199999999999818,5,TRUE,"nivel_aceptado"
"prototipo","barrido_lfr","LFR mu1_0.10_mu2_0.20 semilla 101","mu1_0.10_mu2_0.20",101,101,1,100,1000,9657,2,5,5,10,0.0100000000000477,0,1,TRUE,"raiz_unica_alcanzada"
"prototipo","barrido_lfr","LFR mu1_0.10_mu2_0.20 semilla 101","mu1_0.10_mu2_0.20",101,101,2,100,1000,9657,1,29,29,371,0,0.0300000000000296,5,TRUE,"nivel_aceptado"
"prototipo","barrido_lfr","LFR mu1_0.10_mu2_0.20 semilla 101","mu1_0.10_mu2_0.20",101,101,2,100,1000,9657,2,5,5,10,0,0,1,TRUE,"raiz_unica_alcanzada"
"prototipo","barrido_lfr","LFR mu1_0.10_mu2_0.20 semilla 101","mu1_0.10_mu2_0.20",101,101,3,100,1000,9657,1,29,29,371,0.0100000000000477,0.0199999999999818,5,TRUE,"nivel_aceptado"
"prototipo","barrido_lfr","LFR mu1_0.10_mu2_0.20 semilla 101","mu1_0.10_mu2_0.20",101,101,3,100,1000,9657,2,5,5,10,0.00999999999999091,0,1,TRUE,"raiz_unica_alcanzada"
"prototipo","barrido_lfr","LFR mu1_0.10_mu2_0.20 semilla 101","mu1_0.10_mu2_0.20",101,101,4,100,1000,9657,1,29,29,371,0.00999999999999091,0.0199999999999818,5,TRUE,"nivel_aceptado"
"prototipo","barrido_lfr","LFR mu1_0.10_mu2_0.20 semilla 101","mu1_0.10_mu2_0.20",101,101,4,100,1000,9657,2,5,5,10,0,0.0199999999999818,1,TRUE,"raiz_unica_alcanzada"
"prototipo","barrido_lfr","LFR mu1_0.10_mu2_0.20 semilla 101","mu1_0.10_mu2_0.20",101,101,5,100,1000,9657,1,29,29,371,0,0.0299999999999727,5,TRUE,"nivel_aceptado"
"prototipo","barrido_lfr","LFR mu1_0.10_mu2_0.20 semilla 101","mu1_0.10_mu2_0.20",101,101,5,100,1000,9657,2,5,5,10,0,0,1,TRUE,"raiz_unica_alcanzada"
"prototipo","barrido_lfr","LFR mu1_0.10_mu2_0.20 semilla 202","mu1_0.10_mu2_0.20",202,202,1,100,1000,9472,1,30,30,392,0,0.00999999999999091,5,TRUE,"nivel_aceptado"
"prototipo","barrido_lfr","LFR mu1_0.10_mu2_0.20 semilla 202","mu1_0.10_mu2_0.20",202,202,1,100,1000,9472,2,5,5,10,0,0,1,TRUE,"raiz_unica_alcanzada"
"prototipo","barrido_lfr","LFR mu1_0.10_mu2_0.20 semilla 202","mu1_0.10_mu2_0.20",202,202,2,100,1000,9472,1,30,30,392,0,0.0299999999999727,5,TRUE,"nivel_aceptado"
"prototipo","barrido_lfr","LFR mu1_0.10_mu2_0.20 semilla 202","mu1_0.10_mu2_0.20",202,202,2,100,1000,9472,2,5,5,10,0,0.00999999999999091,1,TRUE,"raiz_unica_alcanzada"
"prototipo","barrido_lfr","LFR mu1_0.10_mu2_0.20 semilla 202","mu1_0.10_mu2_0.20",202,202,3,100,1000,9472,1,30,30,392,0.0199999999999818,0.0199999999999818,5,TRUE,"nivel_aceptado"
"prototipo","barrido_lfr","LFR mu1_0.10_mu2_0.20 semilla 202","mu1_0.10_mu2_0.20",202,202,3,100,1000,9472,2,5,5,10,0.0299999999999727,0,1,TRUE,"raiz_unica_alcanzada"
"prototipo","barrido_lfr","LFR mu1_0.10_mu2_0.20 semilla 202","mu1_0.10_mu2_0.20",202,202,4,100,1000,9472,1,30,30,392,0,0.0399999999999636,5,TRUE,"nivel_aceptado"
"prototipo","barrido_lfr","LFR mu1_0.10_mu2_0.20 semilla 202","mu1_0.10_mu2_0.20",202,202,4,100,1000,9472,2,5,5,10,0.00999999999999091,0,1,TRUE,"raiz_unica_alcanzada"
"prototipo","barrido_lfr","LFR mu1_0.10_mu2_0.20 semilla 202","mu1_0.10_mu2_0.20",202,202,5,100,1000,9472,1,30,30,392,0.0199999999999818,0.00999999999999091,5,TRUE,"nivel_aceptado"
"prototipo","barrido_lfr","LFR mu1_0.10_mu2_0.20 semilla 202","mu1_0.10_mu2_0.20",202,202,5,100,1000,9472,2,5,5,10,0,0,1,TRUE,"raiz_unica_alcanzada"
"prototipo","barrido_lfr","LFR mu1_0.10_mu2_0.20 semilla 303","mu1_0.10_mu2_0.20",303,303,1,100,1000,9688,1,28,28,356,0,0.0300000000000864,5,TRUE,"nivel_aceptado"
"prototipo","barrido_lfr","LFR mu1_0.10_mu2_0.20 semilla 303","mu1_0.10_mu2_0.20",303,303,1,100,1000,9688,2,5,5,10,0,0,1,TRUE,"raiz_unica_alcanzada"
"prototipo","barrido_lfr","LFR mu1_0.10_mu2_0.20 semilla 303","mu1_0.10_mu2_0.20",303,303,2,100,1000,9688,1,28,28,356,0,0.0199999999999818,5,TRUE,"nivel_aceptado"
"prototipo","barrido_lfr","LFR mu1_0.10_mu2_0.20 semilla 303","mu1_0.10_mu2_0.20",303,303,2,100,1000,9688,2,5,5,10,0.0100000000001046,0,1,TRUE,"raiz_unica_alcanzada"
"prototipo","barrido_lfr","LFR mu1_0.10_mu2_0.20 semilla 303","mu1_0.10_mu2_0.20",303,303,3,100,1000,9688,1,28,28,356,0,0.0299999999999727,5,TRUE,"nivel_aceptado"
"prototipo","barrido_lfr","LFR mu1_0.10_mu2_0.20 semilla 303","mu1_0.10_mu2_0.20",303,303,3,100,1000,9688,2,5,5,10,0,0.0300000000000864,1,TRUE,"raiz_unica_alcanzada"
"prototipo","barrido_lfr","LFR mu1_0.10_mu2_0.20 semilla 303","mu1_0.10_mu2_0.20",303,303,4,100,1000,9688,1,28,28,356,0.0199999999999818,0.0100000000001046,5,TRUE,"nivel_aceptado"
"prototipo","barrido_lfr","LFR mu1_0.10_mu2_0.20 semilla 303","mu1_0.10_mu2_0.20",303,303,4,100,1000,9688,2,5,5,10,0.0199999999999818,0,1,TRUE,"raiz_unica_alcanzada"
"prototipo","barrido_lfr","LFR mu1_0.10_mu2_0.20 semilla 303","mu1_0.10_mu2_0.20",303,303,5,100,1000,9688,1,28,28,356,0,0.0299999999999727,5,TRUE,"nivel_aceptado"
"prototipo","barrido_lfr","LFR mu1_0.10_mu2_0.20 semilla 303","mu1_0.10_mu2_0.20",303,303,5,100,1000,9688,2,5,5,10,0.0199999999999818,0,1,TRUE,"raiz_unica_alcanzada"
"prototipo","barrido_lfr","LFR mu1_0.10_mu2_0.30 semilla 101","mu1_0.10_mu2_0.30",101,101,1,100,1000,9907,1,23,23,243,0.0199999999999818,0.0199999999999818,3,TRUE,"nivel_aceptado"
"prototipo","barrido_lfr","LFR mu1_0.10_mu2_0.30 semilla 101","mu1_0.10_mu2_0.30",101,101,1,100,1000,9907,2,3,3,3,0,0,1,TRUE,"raiz_unica_alcanzada"
"prototipo","barrido_lfr","LFR mu1_0.10_mu2_0.30 semilla 101","mu1_0.10_mu2_0.30",101,101,2,100,1000,9907,1,23,23,243,0,0.0200000000000955,3,TRUE,"nivel_aceptado"
"prototipo","barrido_lfr","LFR mu1_0.10_mu2_0.30 semilla 101","mu1_0.10_mu2_0.30",101,101,2,100,1000,9907,2,3,3,3,0.00999999999999091,0,1,TRUE,"raiz_unica_alcanzada"
"prototipo","barrido_lfr","LFR mu1_0.10_mu2_0.30 semilla 101","mu1_0.10_mu2_0.30",101,101,3,100,1000,9907,1,23,23,243,0.00999999999999091,0.0200000000000955,3,TRUE,"nivel_aceptado"
"prototipo","barrido_lfr","LFR mu1_0.10_mu2_0.30 semilla 101","mu1_0.10_mu2_0.30",101,101,3,100,1000,9907,2,3,3,3,0,0,1,TRUE,"raiz_unica_alcanzada"
"prototipo","barrido_lfr","LFR mu1_0.10_mu2_0.30 semilla 101","mu1_0.10_mu2_0.30",101,101,4,100,1000,9907,1,23,23,243,0,0.00999999999999091,3,TRUE,"nivel_aceptado"
"prototipo","barrido_lfr","LFR mu1_0.10_mu2_0.30 semilla 101","mu1_0.10_mu2_0.30",101,101,4,100,1000,9907,2,3,3,3,0.0300000000000864,0,1,TRUE,"raiz_unica_alcanzada"
"prototipo","barrido_lfr","LFR mu1_0.10_mu2_0.30 semilla 101","mu1_0.10_mu2_0.30",101,101,5,100,1000,9907,1,23,23,243,0,0.0199999999999818,3,TRUE,"nivel_aceptado"
"prototipo","barrido_lfr","LFR mu1_0.10_mu2_0.30 semilla 101","mu1_0.10_mu2_0.30",101,101,5,100,1000,9907,2,3,3,3,0,0,1,TRUE,"raiz_unica_alcanzada"
"prototipo","barrido_lfr","LFR mu1_0.10_mu2_0.30 semilla 202","mu1_0.10_mu2_0.30",202,202,1,100,1000,9674,1,19,19,163,0,0.0299999999999727,1,TRUE,"raiz_unica_alcanzada"
"prototipo","barrido_lfr","LFR mu1_0.10_mu2_0.30 semilla 202","mu1_0.10_mu2_0.30",202,202,2,100,1000,9674,1,19,19,163,0.0199999999999818,0.00999999999999091,1,TRUE,"raiz_unica_alcanzada"
"prototipo","barrido_lfr","LFR mu1_0.10_mu2_0.30 semilla 202","mu1_0.10_mu2_0.30",202,202,3,100,1000,9674,1,19,19,163,0,0.0199999999999818,1,TRUE,"raiz_unica_alcanzada"
"prototipo","barrido_lfr","LFR mu1_0.10_mu2_0.30 semilla 202","mu1_0.10_mu2_0.30",202,202,4,100,1000,9674,1,19,19,163,0,0,1,TRUE,"raiz_unica_alcanzada"
"prototipo","barrido_lfr","LFR mu1_0.10_mu2_0.30 semilla 202","mu1_0.10_mu2_0.30",202,202,5,100,1000,9674,1,19,19,163,0,0.0199999999999818,1,TRUE,"raiz_unica_alcanzada"
"prototipo","barrido_lfr","LFR mu1_0.10_mu2_0.30 semilla 303","mu1_0.10_mu2_0.30",303,303,1,100,1000,10224,1,17,17,136,0,0.0199999999999818,1,TRUE,"raiz_unica_alcanzada"
"prototipo","barrido_lfr","LFR mu1_0.10_mu2_0.30 semilla 303","mu1_0.10_mu2_0.30",303,303,2,100,1000,10224,1,17,17,136,0,0.0100000000001046,1,TRUE,"raiz_unica_alcanzada"
"prototipo","barrido_lfr","LFR mu1_0.10_mu2_0.30 semilla 303","mu1_0.10_mu2_0.30",303,303,3,100,1000,10224,1,17,17,136,0.0199999999999818,0,1,TRUE,"raiz_unica_alcanzada"
"prototipo","barrido_lfr","LFR mu1_0.10_mu2_0.30 semilla 303","mu1_0.10_mu2_0.30",303,303,4,100,1000,10224,1,17,17,136,0,0,1,TRUE,"raiz_unica_alcanzada"
"prototipo","barrido_lfr","LFR mu1_0.10_mu2_0.30 semilla 303","mu1_0.10_mu2_0.30",303,303,5,100,1000,10224,1,17,17,136,0,0.00999999999999091,1,TRUE,"raiz_unica_alcanzada"
"prototipo","barrido_lfr","LFR mu1_0.10_mu2_0.40 semilla 101","mu1_0.10_mu2_0.40",101,101,1,100,1000,9906,1,5,5,10,0,0,1,TRUE,"raiz_unica_alcanzada"
"prototipo","barrido_lfr","LFR mu1_0.10_mu2_0.40 semilla 101","mu1_0.10_mu2_0.40",101,101,2,100,1000,9906,1,5,5,10,0.00999999999999091,0,1,TRUE,"raiz_unica_alcanzada"
"prototipo","barrido_lfr","LFR mu1_0.10_mu2_0.40 semilla 101","mu1_0.10_mu2_0.40",101,101,3,100,1000,9906,1,5,5,10,0,0,1,TRUE,"raiz_unica_alcanzada"
"prototipo","barrido_lfr","LFR mu1_0.10_mu2_0.40 semilla 101","mu1_0.10_mu2_0.40",101,101,4,100,1000,9906,1,5,5,10,0,0,1,TRUE,"raiz_unica_alcanzada"
"prototipo","barrido_lfr","LFR mu1_0.10_mu2_0.40 semilla 101","mu1_0.10_mu2_0.40",101,101,5,100,1000,9906,1,5,5,10,0.00999999999999091,0,1,TRUE,"raiz_unica_alcanzada"
"prototipo","barrido_lfr","LFR mu1_0.10_mu2_0.40 semilla 202","mu1_0.10_mu2_0.40",202,202,1,100,1000,9560,1,13,13,78,0,0,1,TRUE,"raiz_unica_alcanzada"
"prototipo","barrido_lfr","LFR mu1_0.10_mu2_0.40 semilla 202","mu1_0.10_mu2_0.40",202,202,2,100,1000,9560,1,13,13,78,0.00999999999999091,0,1,TRUE,"raiz_unica_alcanzada"
"prototipo","barrido_lfr","LFR mu1_0.10_mu2_0.40 semilla 202","mu1_0.10_mu2_0.40",202,202,3,100,1000,9560,1,13,13,78,0,0.0100000000001046,1,TRUE,"raiz_unica_alcanzada"
"prototipo","barrido_lfr","LFR mu1_0.10_mu2_0.40 semilla 202","mu1_0.10_mu2_0.40",202,202,4,100,1000,9560,1,13,13,78,0,0,1,TRUE,"raiz_unica_alcanzada"
"prototipo","barrido_lfr","LFR mu1_0.10_mu2_0.40 semilla 202","mu1_0.10_mu2_0.40",202,202,5,100,1000,9560,1,13,13,78,0,0,1,TRUE,"raiz_unica_alcanzada"
"prototipo","barrido_lfr","LFR mu1_0.10_mu2_0.40 semilla 303","mu1_0.10_mu2_0.40",303,303,1,100,1000,9877,1,11,11,55,0,0.00999999999999091,1,TRUE,"raiz_unica_alcanzada"
"prototipo","barrido_lfr","LFR mu1_0.10_mu2_0.40 semilla 303","mu1_0.10_mu2_0.40",303,303,2,100,1000,9877,1,11,11,55,0,0,1,TRUE,"raiz_unica_alcanzada"
"prototipo","barrido_lfr","LFR mu1_0.10_mu2_0.40 semilla 303","mu1_0.10_mu2_0.40",303,303,3,100,1000,9877,1,11,11,55,0,0.0199999999999818,1,TRUE,"raiz_unica_alcanzada"
"prototipo","barrido_lfr","LFR mu1_0.10_mu2_0.40 semilla 303","mu1_0.10_mu2_0.40",303,303,4,100,1000,9877,1,11,11,55,0,0,1,TRUE,"raiz_unica_alcanzada"
"prototipo","barrido_lfr","LFR mu1_0.10_mu2_0.40 semilla 303","mu1_0.10_mu2_0.40",303,303,5,100,1000,9877,1,11,11,55,0.00999999999999091,0,1,TRUE,"raiz_unica_alcanzada"
"prototipo","barrido_lfr","LFR mu1_0.20_mu2_0.20 semilla 101","mu1_0.20_mu2_0.20",101,101,1,100,1000,9918,1,29,29,401,0,0.0299999999999727,1,TRUE,"raiz_unica_alcanzada"
"prototipo","barrido_lfr","LFR mu1_0.20_mu2_0.20 semilla 101","mu1_0.20_mu2_0.20",101,101,2,100,1000,9918,1,29,29,401,0.00999999999999091,0.0199999999999818,1,TRUE,"raiz_unica_alcanzada"
"prototipo","barrido_lfr","LFR mu1_0.20_mu2_0.20 semilla 101","mu1_0.20_mu2_0.20",101,101,3,100,1000,9918,1,29,29,401,0.0199999999999818,0.00999999999999091,1,TRUE,"raiz_unica_alcanzada"
"prototipo","barrido_lfr","LFR mu1_0.20_mu2_0.20 semilla 101","mu1_0.20_mu2_0.20",101,101,4,100,1000,9918,1,29,29,401,0,0.0300000000000864,1,TRUE,"raiz_unica_alcanzada"
"prototipo","barrido_lfr","LFR mu1_0.20_mu2_0.20 semilla 101","mu1_0.20_mu2_0.20",101,101,5,100,1000,9918,1,29,29,401,0,0.0300000000000864,1,TRUE,"raiz_unica_alcanzada"
"prototipo","barrido_lfr","LFR mu1_0.20_mu2_0.20 semilla 202","mu1_0.20_mu2_0.20",202,202,1,100,1000,10014,1,28,28,376,0,0.0199999999999818,1,TRUE,"raiz_unica_alcanzada"
"prototipo","barrido_lfr","LFR mu1_0.20_mu2_0.20 semilla 202","mu1_0.20_mu2_0.20",202,202,2,100,1000,10014,1,28,28,376,0.0199999999999818,0.0299999999999727,1,TRUE,"raiz_unica_alcanzada"
"prototipo","barrido_lfr","LFR mu1_0.20_mu2_0.20 semilla 202","mu1_0.20_mu2_0.20",202,202,3,100,1000,10014,1,28,28,376,0,0.0100000000001046,1,TRUE,"raiz_unica_alcanzada"
"prototipo","barrido_lfr","LFR mu1_0.20_mu2_0.20 semilla 202","mu1_0.20_mu2_0.20",202,202,4,100,1000,10014,1,28,28,376,0,0.0299999999999727,1,TRUE,"raiz_unica_alcanzada"
"prototipo","barrido_lfr","LFR mu1_0.20_mu2_0.20 semilla 202","mu1_0.20_mu2_0.20",202,202,5,100,1000,10014,1,28,28,376,0,0.0300000000000864,1,TRUE,"raiz_unica_alcanzada"
"prototipo","barrido_lfr","LFR mu1_0.20_mu2_0.20 semilla 303","mu1_0.20_mu2_0.20",303,303,1,100,1000,9632,1,24,24,274,0.00999999999999091,0.0199999999999818,1,TRUE,"raiz_unica_alcanzada"
"prototipo","barrido_lfr","LFR mu1_0.20_mu2_0.20 semilla 303","mu1_0.20_mu2_0.20",303,303,2,100,1000,9632,1,24,24,274,0,0.0200000000000955,1,TRUE,"raiz_unica_alcanzada"
"prototipo","barrido_lfr","LFR mu1_0.20_mu2_0.20 semilla 303","mu1_0.20_mu2_0.20",303,303,3,100,1000,9632,1,24,24,274,0,0.0299999999999727,1,TRUE,"raiz_unica_alcanzada"
"prototipo","barrido_lfr","LFR mu1_0.20_mu2_0.20 semilla 303","mu1_0.20_mu2_0.20",303,303,4,100,1000,9632,1,24,24,274,0,0.0199999999999818,1,TRUE,"raiz_unica_alcanzada"
"prototipo","barrido_lfr","LFR mu1_0.20_mu2_0.20 semilla 303","mu1_0.20_mu2_0.20",303,303,5,100,1000,9632,1,24,24,274,0,0.00999999999999091,1,TRUE,"raiz_unica_alcanzada"
"prototipo","barrido_lfr","LFR mu1_0.20_mu2_0.30 semilla 101","mu1_0.20_mu2_0.30",101,101,1,100,1000,9608,1,19,19,171,0.0199999999999818,0,1,TRUE,"raiz_unica_alcanzada"
"prototipo","barrido_lfr","LFR mu1_0.20_mu2_0.30 semilla 101","mu1_0.20_mu2_0.30",101,101,2,100,1000,9608,1,19,19,171,0.0399999999999636,0,1,TRUE,"raiz_unica_alcanzada"
"prototipo","barrido_lfr","LFR mu1_0.20_mu2_0.30 semilla 101","mu1_0.20_mu2_0.30",101,101,3,100,1000,9608,1,19,19,171,0,0.0199999999999818,1,TRUE,"raiz_unica_alcanzada"
"prototipo","barrido_lfr","LFR mu1_0.20_mu2_0.30 semilla 101","mu1_0.20_mu2_0.30",101,101,4,100,1000,9608,1,19,19,171,0,0.00999999999999091,1,TRUE,"raiz_unica_alcanzada"
"prototipo","barrido_lfr","LFR mu1_0.20_mu2_0.30 semilla 101","mu1_0.20_mu2_0.30",101,101,5,100,1000,9608,1,19,19,171,0.00999999999999091,0,1,TRUE,"raiz_unica_alcanzada"
"prototipo","barrido_lfr","LFR mu1_0.20_mu2_0.30 semilla 202","mu1_0.20_mu2_0.30",202,202,1,100,1000,9685,1,13,13,78,0,0.00999999999999091,1,TRUE,"raiz_unica_alcanzada"
"prototipo","barrido_lfr","LFR mu1_0.20_mu2_0.30 semilla 202","mu1_0.20_mu2_0.30",202,202,2,100,1000,9685,1,13,13,78,0,0,1,TRUE,"raiz_unica_alcanzada"
"prototipo","barrido_lfr","LFR mu1_0.20_mu2_0.30 semilla 202","mu1_0.20_mu2_0.30",202,202,3,100,1000,9685,1,13,13,78,0,0,1,TRUE,"raiz_unica_alcanzada"
"prototipo","barrido_lfr","LFR mu1_0.20_mu2_0.30 semilla 202","mu1_0.20_mu2_0.30",202,202,4,100,1000,9685,1,13,13,78,0,0.0199999999999818,1,TRUE,"raiz_unica_alcanzada"
"prototipo","barrido_lfr","LFR mu1_0.20_mu2_0.30 semilla 202","mu1_0.20_mu2_0.30",202,202,5,100,1000,9685,1,13,13,78,0.0199999999999818,0,1,TRUE,"raiz_unica_alcanzada"
"prototipo","barrido_lfr","LFR mu1_0.20_mu2_0.30 semilla 303","mu1_0.20_mu2_0.30",303,303,1,100,1000,9792,1,20,20,189,0,0.0199999999999818,1,TRUE,"raiz_unica_alcanzada"
"prototipo","barrido_lfr","LFR mu1_0.20_mu2_0.30 semilla 303","mu1_0.20_mu2_0.30",303,303,2,100,1000,9792,1,20,20,189,0,0,1,TRUE,"raiz_unica_alcanzada"
"prototipo","barrido_lfr","LFR mu1_0.20_mu2_0.30 semilla 303","mu1_0.20_mu2_0.30",303,303,3,100,1000,9792,1,20,20,189,0.00999999999999091,0,1,TRUE,"raiz_unica_alcanzada"
"prototipo","barrido_lfr","LFR mu1_0.20_mu2_0.30 semilla 303","mu1_0.20_mu2_0.30",303,303,4,100,1000,9792,1,20,20,189,0.00999999999999091,0,1,TRUE,"raiz_unica_alcanzada"
"prototipo","barrido_lfr","LFR mu1_0.20_mu2_0.30 semilla 303","mu1_0.20_mu2_0.30",303,303,5,100,1000,9792,1,20,20,189,0,0.00999999999999091,1,TRUE,"raiz_unica_alcanzada"
"prototipo","barrido_lfr","LFR mu1_0.20_mu2_0.40 semilla 101","mu1_0.20_mu2_0.40",101,101,1,100,1000,9847,1,5,5,10,0.0199999999999818,0,1,TRUE,"raiz_unica_alcanzada"
"prototipo","barrido_lfr","LFR mu1_0.20_mu2_0.40 semilla 101","mu1_0.20_mu2_0.40",101,101,2,100,1000,9847,1,5,5,10,0,0,1,TRUE,"raiz_unica_alcanzada"
"prototipo","barrido_lfr","LFR mu1_0.20_mu2_0.40 semilla 101","mu1_0.20_mu2_0.40",101,101,3,100,1000,9847,1,5,5,10,0.0199999999999818,0,1,TRUE,"raiz_unica_alcanzada"
"prototipo","barrido_lfr","LFR mu1_0.20_mu2_0.40 semilla 101","mu1_0.20_mu2_0.40",101,101,4,100,1000,9847,1,5,5,10,0.0199999999999818,0,1,TRUE,"raiz_unica_alcanzada"
"prototipo","barrido_lfr","LFR mu1_0.20_mu2_0.40 semilla 101","mu1_0.20_mu2_0.40",101,101,5,100,1000,9847,1,5,5,10,0,0,1,TRUE,"raiz_unica_alcanzada"
"prototipo","barrido_lfr","LFR mu1_0.20_mu2_0.40 semilla 202","mu1_0.20_mu2_0.40",202,202,1,100,1000,9753,1,5,5,10,0,0.0199999999999818,1,TRUE,"raiz_unica_alcanzada"
"prototipo","barrido_lfr","LFR mu1_0.20_mu2_0.40 semilla 202","mu1_0.20_mu2_0.40",202,202,2,100,1000,9753,1,5,5,10,0.0199999999999818,0,1,TRUE,"raiz_unica_alcanzada"
"prototipo","barrido_lfr","LFR mu1_0.20_mu2_0.40 semilla 202","mu1_0.20_mu2_0.40",202,202,3,100,1000,9753,1,5,5,10,0,0,1,TRUE,"raiz_unica_alcanzada"
"prototipo","barrido_lfr","LFR mu1_0.20_mu2_0.40 semilla 202","mu1_0.20_mu2_0.40",202,202,4,100,1000,9753,1,5,5,10,0.0199999999999818,0.00999999999999091,1,TRUE,"raiz_unica_alcanzada"
"prototipo","barrido_lfr","LFR mu1_0.20_mu2_0.40 semilla 202","mu1_0.20_mu2_0.40",202,202,5,100,1000,9753,1,5,5,10,0.00999999999999091,0,1,TRUE,"raiz_unica_alcanzada"
"prototipo","barrido_lfr","LFR mu1_0.20_mu2_0.40 semilla 303","mu1_0.20_mu2_0.40",303,303,1,100,1000,9717,1,5,5,10,0,0,1,TRUE,"raiz_unica_alcanzada"
"prototipo","barrido_lfr","LFR mu1_0.20_mu2_0.40 semilla 303","mu1_0.20_mu2_0.40",303,303,2,100,1000,9717,1,5,5,10,0,0,1,TRUE,"raiz_unica_alcanzada"
"prototipo","barrido_lfr","LFR mu1_0.20_mu2_0.40 semilla 303","mu1_0.20_mu2_0.40",303,303,3,100,1000,9717,1,5,5,10,0,0,1,TRUE,"raiz_unica_alcanzada"
"prototipo","barrido_lfr","LFR mu1_0.20_mu2_0.40 semilla 303","mu1_0.20_mu2_0.40",303,303,4,100,1000,9717,1,5,5,10,0,0,1,TRUE,"raiz_unica_alcanzada"
"prototipo","barrido_lfr","LFR mu1_0.20_mu2_0.40 semilla 303","mu1_0.20_mu2_0.40",303,303,5,100,1000,9717,1,5,5,10,0,0,1,TRUE,"raiz_unica_alcanzada"
