"scope","configuracion","mu1","mu2","repeticiones","nodos","aristas","nb_trials","tiempo_original_media_seg","tiempo_original_sd_seg","tiempo_prototipo_media_seg","tiempo_prototipo_sd_seg","overhead_absoluto_media_seg","overhead_absoluto_sd_seg","overhead_relativo_media_pct","overhead_relativo_sd_pct","max_tree_depth","num_levels","reejecuciones_infomap_media"
"barrido_lfr","mu1_0.05_mu2_0.20",0.05,0.2,15,1000,9912,100,1.232,0.0622437604446128,1.23533333333333,0.0456487625660211,0.00333333333333132,0.0379222261753437,0.373233053677796,3.18884834719494,3,4,2
"barrido_lfr","mu1_0.05_mu2_0.30",0.05,0.3,15,1000,9714,100,1.48466666666667,0.0548851614954369,1.47333333333334,0.0359894164336913,-0.0113333333333374,0.0333523755133051,-0.703835771949577,2.27076800429646,3,4,2
"barrido_lfr","mu1_0.05_mu2_0.40",0.05,0.4,15,1000,9788,100,1.67933333333334,0.0919212913830399,1.64333333333334,0.0863271738931716,-0.0360000000000066,0.0369942080408806,-2.1088120816396,2.18382279144256,2,3,1
"barrido_lfr","mu1_0.10_mu2_0.20",0.1,0.2,15,1000,9657,100,1.43466666666666,0.0492612085384403,1.42533333333335,0.0381475830851637,-0.00933333333330535,0.0499237513853206,-0.572893535124005,3.42417563827451,3,4,2
"barrido_lfr","mu1_0.10_mu2_0.30",0.1,0.3,15,1000,9907,100,1.69533333333335,0.0551448309540702,1.69000000000002,0.032950178841909,-0.00533333333332869,0.0405086704416669,-0.255968080924662,2.41227799353539,2,3,1.33333333333333
"barrido_lfr","mu1_0.10_mu2_0.40",0.1,0.4,15,1000,9906,100,1.93866666666667,0.0685426526922605,1.88133333333333,0.0585377371160642,-0.0573333333333346,0.057254652545382,-2.90429633186686,2.88421566492394,2,3,1
"barrido_lfr","mu1_0.20_mu2_0.20",0.2,0.2,15,1000,9918,100,1.89666666666665,0.0850769959395224,1.89133333333333,0.0418955617606206,-0.00533333333331334,0.0654508175946483,-0.153552860178137,3.47825462152379,2,3,1
"barrido_lfr","mu1_0.20_mu2_0.30",0.2,0.3,15,1000,9608,100,2.392,0.144429913799057,2.38266666666666,0.144936767821917,-0.00933333333334065,0.0468228678359343,-0.371193729246221,1.96628838174625,2,3,1
"barrido_lfr","mu1_0.20_mu2_0.40",0.2,0.4,15,1000,9847,100,2.81066666666668,0.209129715954588,2.78333333333333,0.172405943992122,-0.027333333333348,0.16683895856556,-0.742487761841032,5.71000236696327,2,3,1
