"scope","red","configuracion","mu1","mu2","semilla_red","semilla_algoritmo","repeticion","nb_trials","nodos","aristas","variante_original","version_igraph_original","ruta_igraph_original","tiempo_total_seg_original","comunidades_finales_original","codelength_original","modularidad_original","num_levels_original","num_top_modules_original","max_tree_depth_original","tiempo_infomap_inicial_seg_original","tiempo_reconstruccion_jerarquia_seg_original","reejecuciones_infomap_original","variante_prototipo","version_igraph_prototipo","ruta_igraph_prototipo","tiempo_total_seg_prototipo","comunidades_finales_prototipo","codelength_prototipo","modularidad_prototipo","num_levels_prototipo","num_top_modules_prototipo","max_tree_depth_prototipo","tiempo_infomap_inicial_seg_prototipo","tiempo_reconstruccion_jerarquia_seg_prototipo","reejecuciones_infomap_prototipo","overhead_absoluto_seg","overhead_relativo_pct"
"barrido_lfr","LFR mu1_0.05_mu2_0.20 semilla 101","mu1_0.05_mu2_0.20",0.05,0.2,101,101,1,100,1000,9912,"original","2.3.2","C:/Users/lysit/Desktop/Tesis igraph/rigraph-main/tesis/lib/igraph_original/igraph",1.10000000000002,31,7.85131315400122,0.711413882439886,NA,NA,NA,NA,NA,NA,"prototipo","2.3.2.9015","C:/Users/lysit/AppData/Local/R/win-library/4.6/igraph",1.18000000000001,31,7.85131315400122,0.711413882439886,4,5,3,1.15000000000003,0.0299999999999727,2,0.0799999999999899,7.27272727272622
"barrido_lfr","LFR mu1_0.05_mu2_0.20 semilla 101","mu1_0.05_mu2_0.20",0.05,0.2,101,101,2,100,1000,9912,"original","2.3.2","C:/Users/lysit/Desktop/Tesis igraph/rigraph-main/tesis/lib/igraph_original/igraph",1.17999999999995,31,7.85131315400122,0.711413882439886,NA,NA,NA,NA,NA,NA,"prototipo","2.3.2.9015","C:/Users/lysit/AppData/Local/R/win-library/4.6/igraph",1.17000000000002,31,7.85131315400122,0.711413882439886,4,5,3,1.13,0.0400000000000205,2,-0.00999999999993006,-0.847457627112753
"barrido_lfr","LFR mu1_0.05_mu2_0.20 semilla 101","mu1_0.05_mu2_0.20",0.05,0.2,101,101,3,100,1000,9912,"original","2.3.2","C:/Users/lysit/Desktop/Tesis igraph/rigraph-main/tesis/lib/igraph_original/igraph",1.21999999999991,31,7.85131315400122,0.711413882439886,NA,NA,NA,NA,NA,NA,"prototipo","2.3.2.9015","C:/Users/lysit/AppData/Local/R/win-library/4.6/igraph",1.17000000000002,31,7.85131315400122,0.711413882439886,4,5,3,1.13999999999999,0.0300000000000296,2,-0.0499999999998901,-4.098360655729
"barrido_lfr","LFR mu1_0.05_mu2_0.20 semilla 101","mu1_0.05_mu2_0.20",0.05,0.2,101,101,4,100,1000,9912,"original","2.3.2","C:/Users/lysit/Desktop/Tesis igraph/rigraph-main/tesis/lib/igraph_original/igraph",1.16999999999996,31,7.85131315400122,0.711413882439886,NA,NA,NA,NA,NA,NA,"prototipo","2.3.2.9015","C:/Users/lysit/AppData/Local/R/win-library/4.6/igraph",1.19999999999999,31,7.85131315400122,0.711413882439886,4,5,3,1.15000000000003,0.0499999999999545,2,0.03000000000003,2.56410256410522
"barrido_lfr","LFR mu1_0.05_mu2_0.20 semilla 101","mu1_0.05_mu2_0.20",0.05,0.2,101,101,5,100,1000,9912,"original","2.3.2","C:/Users/lysit/Desktop/Tesis igraph/rigraph-main/tesis/lib/igraph_original/igraph",1.22000000000003,31,7.85131315400122,0.711413882439886,NA,NA,NA,NA,NA,NA,"prototipo","2.3.2.9015","C:/Users/lysit/AppData/Local/R/win-library/4.6/igraph",1.19,31,7.85131315400122,0.711413882439886,4,5,3,1.13999999999999,0.0500000000000114,2,-0.03000000000003,-2.45901639344502
"barrido_lfr","LFR mu1_0.05_mu2_0.20 semilla 202","mu1_0.05_mu2_0.20",0.05,0.2,202,202,1,100,1000,9770,"original","2.3.2","C:/Users/lysit/Desktop/Tesis igraph/rigraph-main/tesis/lib/igraph_original/igraph",1.19000000000005,26,7.99453435482183,0.70661672405972,NA,NA,NA,NA,NA,NA,"prototipo","2.3.2.9015","C:/Users/lysit/AppData/Local/R/win-library/4.6/igraph",1.25,26,7.99453435482183,0.70661672405972,4,5,3,1.20999999999998,0.0400000000000205,2,0.0599999999999501,5.04201680671828
"barrido_lfr","LFR mu1_0.05_mu2_0.20 semilla 202","mu1_0.05_mu2_0.20",0.05,0.2,202,202,2,100,1000,9770,"original","2.3.2","C:/Users/lysit/Desktop/Tesis igraph/rigraph-main/tesis/lib/igraph_original/igraph",1.32000000000005,26,7.99453435482183,0.70661672405972,NA,NA,NA,NA,NA,NA,"prototipo","2.3.2.9015","C:/Users/lysit/AppData/Local/R/win-library/4.6/igraph",1.31,26,7.99453435482183,0.70661672405972,4,5,3,1.26000000000005,0.0299999999999727,2,-0.01000000000005,-0.757575757579514
"barrido_lfr","LFR mu1_0.05_mu2_0.20 semilla 202","mu1_0.05_mu2_0.20",0.05,0.2,202,202,3,100,1000,9770,"original","2.3.2","C:/Users/lysit/Desktop/Tesis igraph/rigraph-main/tesis/lib/igraph_original/igraph",1.25,26,7.99453435482183,0.70661672405972,NA,NA,NA,NA,NA,NA,"prototipo","2.3.2.9015","C:/Users/lysit/AppData/Local/R/win-library/4.6/igraph",1.25,26,7.99453435482183,0.70661672405972,4,5,3,1.21999999999997,0.0300000000000296,2,0,0
"barrido_lfr","LFR mu1_0.05_mu2_0.20 semilla 202","mu1_0.05_mu2_0.20",0.05,0.2,202,202,4,100,1000,9770,"original","2.3.2","C:/Users/lysit/Desktop/Tesis igraph/rigraph-main/tesis/lib/igraph_original/igraph",1.25,26,7.99453435482183,0.70661672405972,NA,NA,NA,NA,NA,NA,"prototipo","2.3.2.9015","C:/Users/lysit/AppData/Local/R/win-library/4.6/igraph",1.27999999999997,26,7.99453435482183,0.70661672405972,4,5,3,1.25,0.0299999999999727,2,0.0299999999999701,2.3999999999976
"barrido_lfr","LFR mu1_0.05_mu2_0.20 semilla 202","mu1_0.05_mu2_0.20",0.05,0.2,202,202,5,100,1000,9770,"original","2.3.2","C:/Users/lysit/Desktop/Tesis igraph/rigraph-main/tesis/lib/igraph_original/igraph",1.25,26,7.99453435482183,0.70661672405972,NA,NA,NA,NA,NA,NA,"prototipo","2.3.2.9015","C:/Users/lysit/AppData/Local/R/win-library/4.6/igraph",1.25,26,7.99453435482183,0.70661672405972,4,5,3,1.22000000000003,0.0299999999999727,2,0,0
"barrido_lfr","LFR mu1_0.05_mu2_0.20 semilla 303","mu1_0.05_mu2_0.20",0.05,0.2,303,303,1,100,1000,9722,"original","2.3.2","C:/Users/lysit/Desktop/Tesis igraph/rigraph-main/tesis/lib/igraph_original/igraph",1.20000000000005,25,7.94583416967829,0.726289897411779,NA,NA,NA,NA,NA,NA,"prototipo","2.3.2.9015","C:/Users/lysit/AppData/Local/R/win-library/4.6/igraph",1.24000000000001,25,7.94583416967829,0.726289897411779,4,4,3,1.20000000000005,0.0399999999999636,2,0.0399999999999601,3.33333333332987
"barrido_lfr","LFR mu1_0.05_mu2_0.20 semilla 303","mu1_0.05_mu2_0.20",0.05,0.2,303,303,2,100,1000,9722,"original","2.3.2","C:/Users/lysit/Desktop/Tesis igraph/rigraph-main/tesis/lib/igraph_original/igraph",1.25,25,7.94583416967829,0.726289897411779,NA,NA,NA,NA,NA,NA,"prototipo","2.3.2.9015","C:/Users/lysit/AppData/Local/R/win-library/4.6/igraph",1.22999999999996,25,7.94583416967829,0.726289897411779,4,4,3,1.19999999999999,0.0299999999999727,2,-0.02000000000004,-1.6000000000032
"barrido_lfr","LFR mu1_0.05_mu2_0.20 semilla 303","mu1_0.05_mu2_0.20",0.05,0.2,303,303,3,100,1000,9722,"original","2.3.2","C:/Users/lysit/Desktop/Tesis igraph/rigraph-main/tesis/lib/igraph_original/igraph",1.25,25,7.94583416967829,0.726289897411779,NA,NA,NA,NA,NA,NA,"prototipo","2.3.2.9015","C:/Users/lysit/AppData/Local/R/win-library/4.6/igraph",1.25,25,7.94583416967829,0.726289897411779,4,4,3,1.21999999999997,0.0300000000000296,2,0,0
"barrido_lfr","LFR mu1_0.05_mu2_0.20 semilla 303","mu1_0.05_mu2_0.20",0.05,0.2,303,303,4,100,1000,9722,"original","2.3.2","C:/Users/lysit/Desktop/Tesis igraph/rigraph-main/tesis/lib/igraph_original/igraph",1.36000000000001,25,7.94583416967829,0.726289897411779,NA,NA,NA,NA,NA,NA,"prototipo","2.3.2.9015","C:/Users/lysit/AppData/Local/R/win-library/4.6/igraph",1.31,25,7.94583416967829,0.726289897411779,4,4,3,1.26999999999998,0.0400000000000205,2,-0.05000000000001,-3.676470588236
"barrido_lfr","LFR mu1_0.05_mu2_0.20 semilla 303","mu1_0.05_mu2_0.20",0.05,0.2,303,303,5,100,1000,9722,"original","2.3.2","C:/Users/lysit/Desktop/Tesis igraph/rigraph-main/tesis/lib/igraph_original/igraph",1.26999999999998,25,7.94583416967829,0.726289897411779,NA,NA,NA,NA,NA,NA,"prototipo","2.3.2.9015","C:/Users/lysit/AppData/Local/R/win-library/4.6/igraph",1.25,25,7.94583416967829,0.726289897411779,4,4,3,1.22000000000003,0.0299999999999727,2,-0.01999999999998,-1.57480314960475
"barrido_lfr","LFR mu1_0.05_mu2_0.30 semilla 101","mu1_0.05_mu2_0.30",0.05,0.3,101,101,1,100,1000,9714,"original","2.3.2","C:/Users/lysit/Desktop/Tesis igraph/rigraph-main/tesis/lib/igraph_original/igraph",1.42000000000007,23,8.35773130935476,0.666174470651237,NA,NA,NA,NA,NA,NA,"prototipo","2.3.2.9015","C:/Users/lysit/AppData/Local/R/win-library/4.6/igraph",1.46000000000004,23,8.35773130935476,0.666174470651237,4,4,3,1.44999999999999,0.0100000000000477,2,0.0399999999999698,2.81690140844844
"barrido_lfr","LFR mu1_0.05_mu2_0.30 semilla 101","mu1_0.05_mu2_0.30",0.05,0.3,101,101,2,100,1000,9714,"original","2.3.2","C:/Users/lysit/Desktop/Tesis igraph/rigraph-main/tesis/lib/igraph_original/igraph",1.59000000000003,23,8.35773130935476,0.666174470651237,NA,NA,NA,NA,NA,NA,"prototipo","2.3.2.9015","C:/Users/lysit/AppData/Local/R/win-library/4.6/igraph",1.56999999999999,23,8.35773130935476,0.666174470651237,4,4,3,1.52999999999997,0.0400000000000205,2,-0.02000000000004,-1.25786163522262
"barrido_lfr","LFR mu1_0.05_mu2_0.30 semilla 101","mu1_0.05_mu2_0.30",0.05,0.3,101,101,3,100,1000,9714,"original","2.3.2","C:/Users/lysit/Desktop/Tesis igraph/rigraph-main/tesis/lib/igraph_original/igraph",1.47000000000003,23,8.35773130935476,0.666174470651237,NA,NA,NA,NA,NA,NA,"prototipo","2.3.2.9015","C:/Users/lysit/AppData/Local/R/win-library/4.6/igraph",1.44999999999999,23,8.35773130935476,0.666174470651237,4,4,3,1.42000000000002,0.0299999999999727,2,-0.02000000000004,-1.36054421768977
"barrido_lfr","LFR mu1_0.05_mu2_0.30 semilla 101","mu1_0.05_mu2_0.30",0.05,0.3,101,101,4,100,1000,9714,"original","2.3.2","C:/Users/lysit/Desktop/Tesis igraph/rigraph-main/tesis/lib/igraph_original/igraph",1.48000000000002,23,8.35773130935476,0.666174470651237,NA,NA,NA,NA,NA,NA,"prototipo","2.3.2.9015","C:/Users/lysit/AppData/Local/R/win-library/4.6/igraph",1.45999999999998,23,8.35773130935476,0.666174470651237,4,4,3,1.43000000000001,0.0299999999999727,2,-0.02000000000004,-1.35135135135403
"barrido_lfr","LFR mu1_0.05_mu2_0.30 semilla 101","mu1_0.05_mu2_0.30",0.05,0.3,101,101,5,100,1000,9714,"original","2.3.2","C:/Users/lysit/Desktop/Tesis igraph/rigraph-main/tesis/lib/igraph_original/igraph",1.53999999999996,23,8.35773130935476,0.666174470651237,NA,NA,NA,NA,NA,NA,"prototipo","2.3.2.9015","C:/Users/lysit/AppData/Local/R/win-library/4.6/igraph",1.51999999999998,23,8.35773130935476,0.666174470651237,4,4,3,1.48999999999995,0.0300000000000296,2,-0.01999999999998,-1.29870129870004
"barrido_lfr","LFR mu1_0.05_mu2_0.30 semilla 202","mu1_0.05_mu2_0.30",0.05,0.3,202,202,1,100,1000,9852,"original","2.3.2","C:/Users/lysit/Desktop/Tesis igraph/rigraph-main/tesis/lib/igraph_original/igraph",1.40999999999997,21,8.3901863334306,0.668154145214378,NA,NA,NA,NA,NA,NA,"prototipo","2.3.2.9015","C:/Users/lysit/AppData/Local/R/win-library/4.6/igraph",1.44999999999999,21,8.3901863334306,0.668154145214378,4,3,3,1.43000000000001,0.0199999999999818,2,0.04000000000002,2.83687943262559
"barrido_lfr","LFR mu1_0.05_mu2_0.30 semilla 202","mu1_0.05_mu2_0.30",0.05,0.3,202,202,2,100,1000,9852,"original","2.3.2","C:/Users/lysit/Desktop/Tesis igraph/rigraph-main/tesis/lib/igraph_original/igraph",1.52999999999997,21,8.3901863334306,0.668154145214378,NA,NA,NA,NA,NA,NA,"prototipo","2.3.2.9015","C:/Users/lysit/AppData/Local/R/win-library/4.6/igraph",1.5,21,8.3901863334306,0.668154145214378,4,3,3,1.47000000000003,0.0299999999999727,2,-0.0299999999999701,-1.96078431372357
"barrido_lfr","LFR mu1_0.05_mu2_0.30 semilla 202","mu1_0.05_mu2_0.30",0.05,0.3,202,202,3,100,1000,9852,"original","2.3.2","C:/Users/lysit/Desktop/Tesis igraph/rigraph-main/tesis/lib/igraph_original/igraph",1.47000000000003,21,8.3901863334306,0.668154145214378,NA,NA,NA,NA,NA,NA,"prototipo","2.3.2.9015","C:/Users/lysit/AppData/Local/R/win-library/4.6/igraph",1.45999999999998,21,8.3901863334306,0.668154145214378,4,3,3,1.44,0.0199999999999818,2,-0.01000000000005,-0.680272108846923
"barrido_lfr","LFR mu1_0.05_mu2_0.30 semilla 202","mu1_0.05_mu2_0.30",0.05,0.3,202,202,4,100,1000,9852,"original","2.3.2","C:/Users/lysit/Desktop/Tesis igraph/rigraph-main/tesis/lib/igraph_original/igraph",1.45999999999992,21,8.3901863334306,0.668154145214378,NA,NA,NA,NA,NA,NA,"prototipo","2.3.2.9015","C:/Users/lysit/AppData/Local/R/win-library/4.6/igraph",1.44999999999999,21,8.3901863334306,0.668154145214378,4,3,3,1.40000000000003,0.0499999999999545,2,-0.00999999999993006,-0.684931506844562
"barrido_lfr","LFR mu1_0.05_mu2_0.30 semilla 202","mu1_0.05_mu2_0.30",0.05,0.3,202,202,5,100,1000,9852,"original","2.3.2","C:/Users/lysit/Desktop/Tesis igraph/rigraph-main/tesis/lib/igraph_original/igraph",1.48000000000002,21,8.3901863334306,0.668154145214378,NA,NA,NA,NA,NA,NA,"prototipo","2.3.2.9015","C:/Users/lysit/AppData/Local/R/win-library/4.6/igraph",1.45000000000005,21,8.3901863334306,0.668154145214378,4,3,3,1.44,0.0100000000000477,2,-0.0299999999999701,-2.02702702702498
"barrido_lfr","LFR mu1_0.05_mu2_0.30 semilla 303","mu1_0.05_mu2_0.30",0.05,0.3,303,303,1,100,1000,9838,"original","2.3.2","C:/Users/lysit/Desktop/Tesis igraph/rigraph-main/tesis/lib/igraph_original/igraph",1.41000000000008,19,8.41483652718064,0.677434935898535,NA,NA,NA,NA,NA,NA,"prototipo","2.3.2.9015","C:/Users/lysit/AppData/Local/R/win-library/4.6/igraph",1.47000000000003,19,8.41483652718064,0.677434935898535,4,3,3,1.44,0.0300000000000296,2,0.0599999999999499,4.25531914893237
"barrido_lfr","LFR mu1_0.05_mu2_0.30 semilla 303","mu1_0.05_mu2_0.30",0.05,0.3,303,303,2,100,1000,9838,"original","2.3.2","C:/Users/lysit/Desktop/Tesis igraph/rigraph-main/tesis/lib/igraph_original/igraph",1.47000000000003,19,8.41483652718064,0.677434935898535,NA,NA,NA,NA,NA,NA,"prototipo","2.3.2.9015","C:/Users/lysit/AppData/Local/R/win-library/4.6/igraph",1.44,19,8.41483652718064,0.677434935898535,4,3,3,1.40999999999997,0.0300000000000296,2,-0.03000000000003,-2.04081632653261
"barrido_lfr","LFR mu1_0.05_mu2_0.30 semilla 303","mu1_0.05_mu2_0.30",0.05,0.3,303,303,3,100,1000,9838,"original","2.3.2","C:/Users/lysit/Desktop/Tesis igraph/rigraph-main/tesis/lib/igraph_original/igraph",1.58000000000004,19,8.41483652718064,0.677434935898535,NA,NA,NA,NA,NA,NA,"prototipo","2.3.2.9015","C:/Users/lysit/AppData/Local/R/win-library/4.6/igraph",1.50999999999999,19,8.41483652718064,0.677434935898535,4,3,3,1.48000000000002,0.0299999999999727,2,-0.07000000000005,-4.4303797468385
"barrido_lfr","LFR mu1_0.05_mu2_0.30 semilla 303","mu1_0.05_mu2_0.30",0.05,0.3,303,303,4,100,1000,9838,"original","2.3.2","C:/Users/lysit/Desktop/Tesis igraph/rigraph-main/tesis/lib/igraph_original/igraph",1.4899999999999,19,8.41483652718064,0.677434935898535,NA,NA,NA,NA,NA,NA,"prototipo","2.3.2.9015","C:/Users/lysit/AppData/Local/R/win-library/4.6/igraph",1.46000000000004,19,8.41483652718064,0.677434935898535,4,3,3,1.43000000000001,0.0300000000000296,2,-0.0299999999998601,-2.01342281878269
"barrido_lfr","LFR mu1_0.05_mu2_0.30 semilla 303","mu1_0.05_mu2_0.30",0.05,0.3,303,303,5,100,1000,9838,"original","2.3.2","C:/Users/lysit/Desktop/Tesis igraph/rigraph-main/tesis/lib/igraph_original/igraph",1.47000000000003,19,8.41483652718064,0.677434935898535,NA,NA,NA,NA,NA,NA,"prototipo","2.3.2.9015","C:/Users/lysit/AppData/Local/R/win-library/4.6/igraph",1.44999999999999,19,8.41483652718064,0.677434935898535,4,3,3,1.42000000000002,0.00999999999999091,2,-0.02000000000004,-1.36054421768977
"barrido_lfr","LFR mu1_0.05_mu2_0.40 semilla 101","mu1_0.05_mu2_0.40",0.05,0.4,101,101,1,100,1000,9788,"original","2.3.2","C:/Users/lysit/Desktop/Tesis igraph/rigraph-main/tesis/lib/igraph_original/igraph",1.61000000000001,11,8.59358739171024,0.68995083907152,NA,NA,NA,NA,NA,NA,"prototipo","2.3.2.9015","C:/Users/lysit/AppData/Local/R/win-library/4.6/igraph",1.61000000000001,11,8.59358739171024,0.68995083907152,3,11,2,1.59000000000003,0.0199999999999818,1,0,0
"barrido_lfr","LFR mu1_0.05_mu2_0.40 semilla 101","mu1_0.05_mu2_0.40",0.05,0.4,101,101,2,100,1000,9788,"original","2.3.2","C:/Users/lysit/Desktop/Tesis igraph/rigraph-main/tesis/lib/igraph_original/igraph",1.67999999999995,11,8.59358739171024,0.68995083907152,NA,NA,NA,NA,NA,NA,"prototipo","2.3.2.9015","C:/Users/lysit/AppData/Local/R/win-library/4.6/igraph",1.61000000000001,11,8.59358739171024,0.68995083907152,3,11,2,1.59000000000003,0.0199999999999818,1,-0.0699999999999399,-4.16666666666321
"barrido_lfr","LFR mu1_0.05_mu2_0.40 semilla 101","mu1_0.05_mu2_0.40",0.05,0.4,101,101,3,100,1000,9788,"original","2.3.2","C:/Users/lysit/Desktop/Tesis igraph/rigraph-main/tesis/lib/igraph_original/igraph",1.71999999999991,11,8.59358739171024,0.68995083907152,NA,NA,NA,NA,NA,NA,"prototipo","2.3.2.9015","C:/Users/lysit/AppData/Local/R/win-library/4.6/igraph",1.67000000000002,11,8.59358739171024,0.68995083907152,3,11,2,1.65000000000003,0.0199999999999818,1,-0.0499999999998901,-2.90697674417981
"barrido_lfr","LFR mu1_0.05_mu2_0.40 semilla 101","mu1_0.05_mu2_0.40",0.05,0.4,101,101,4,100,1000,9788,"original","2.3.2","C:/Users/lysit/Desktop/Tesis igraph/rigraph-main/tesis/lib/igraph_original/igraph",1.65999999999997,11,8.59358739171024,0.68995083907152,NA,NA,NA,NA,NA,NA,"prototipo","2.3.2.9015","C:/Users/lysit/AppData/Local/R/win-library/4.6/igraph",1.62,11,8.59358739171024,0.68995083907152,3,11,2,1.61000000000001,0.00999999999999091,1,-0.0399999999999698,-2.40963855421509
"barrido_lfr","LFR mu1_0.05_mu2_0.40 semilla 101","mu1_0.05_mu2_0.40",0.05,0.4,101,101,5,100,1000,9788,"original","2.3.2","C:/Users/lysit/Desktop/Tesis igraph/rigraph-main/tesis/lib/igraph_original/igraph",1.70000000000005,11,8.59358739171024,0.68995083907152,NA,NA,NA,NA,NA,NA,"prototipo","2.3.2.9015","C:/Users/lysit/AppData/Local/R/win-library/4.6/igraph",1.61000000000001,11,8.59358739171024,0.68995083907152,3,11,2,1.60000000000002,0.00999999999999091,1,-0.0900000000000398,-5.29411764706101
"barrido_lfr","LFR mu1_0.05_mu2_0.40 semilla 202","mu1_0.05_mu2_0.40",0.05,0.4,202,202,1,100,1000,9808,"original","2.3.2","C:/Users/lysit/Desktop/Tesis igraph/rigraph-main/tesis/lib/igraph_original/igraph",1.51999999999998,12,8.55720487213233,0.692187709986055,NA,NA,NA,NA,NA,NA,"prototipo","2.3.2.9015","C:/Users/lysit/AppData/Local/R/win-library/4.6/igraph",1.54999999999995,12,8.55720487213233,0.692187709986055,3,12,2,1.52999999999997,0.0199999999999818,1,0.0299999999999701,1.97368421052437
"barrido_lfr","LFR mu1_0.05_mu2_0.40 semilla 202","mu1_0.05_mu2_0.40",0.05,0.4,202,202,2,100,1000,9808,"original","2.3.2","C:/Users/lysit/Desktop/Tesis igraph/rigraph-main/tesis/lib/igraph_original/igraph",1.57000000000005,12,8.55720487213233,0.692187709986055,NA,NA,NA,NA,NA,NA,"prototipo","2.3.2.9015","C:/Users/lysit/AppData/Local/R/win-library/4.6/igraph",1.52999999999997,12,8.55720487213233,0.692187709986055,3,12,2,1.52999999999997,0,1,-0.04000000000008,-2.54777070064196
"barrido_lfr","LFR mu1_0.05_mu2_0.40 semilla 202","mu1_0.05_mu2_0.40",0.05,0.4,202,202,3,100,1000,9808,"original","2.3.2","C:/Users/lysit/Desktop/Tesis igraph/rigraph-main/tesis/lib/igraph_original/igraph",1.64999999999998,12,8.55720487213233,0.692187709986055,NA,NA,NA,NA,NA,NA,"prototipo","2.3.2.9015","C:/Users/lysit/AppData/Local/R/win-library/4.6/igraph",1.64000000000004,12,8.55720487213233,0.692187709986055,3,12,2,1.62,0.0200000000000387,1,-0.00999999999993983,-0.606060606056967
"barrido_lfr","LFR mu1_0.05_mu2_0.40 semilla 202","mu1_0.05_mu2_0.40",0.05,0.4,202,202,4,100,1000,9808,"original","2.3.2","C:/Users/lysit/Desktop/Tesis igraph/rigraph-main/tesis/lib/igraph_original/igraph",1.60000000000002,12,8.55720487213233,0.692187709986055,NA,NA,NA,NA,NA,NA,"prototipo","2.3.2.9015","C:/Users/lysit/AppData/Local/R/win-library/4.6/igraph",1.55000000000001,12,8.55720487213233,0.692187709986055,3,12,2,1.53000000000003,0.0199999999999818,1,-0.05000000000001,-3.12500000000059
"barrido_lfr","LFR mu1_0.05_mu2_0.40 semilla 202","mu1_0.05_mu2_0.40",0.05,0.4,202,202,5,100,1000,9808,"original","2.3.2","C:/Users/lysit/Desktop/Tesis igraph/rigraph-main/tesis/lib/igraph_original/igraph",1.59000000000003,12,8.55720487213233,0.692187709986055,NA,NA,NA,NA,NA,NA,"prototipo","2.3.2.9015","C:/Users/lysit/AppData/Local/R/win-library/4.6/igraph",1.54000000000002,12,8.55720487213233,0.692187709986055,3,12,2,1.54000000000002,0,1,-0.05000000000001,-3.14465408805089
"barrido_lfr","LFR mu1_0.05_mu2_0.40 semilla 303","mu1_0.05_mu2_0.40",0.05,0.4,303,303,1,100,1000,9876,"original","2.3.2","C:/Users/lysit/Desktop/Tesis igraph/rigraph-main/tesis/lib/igraph_original/igraph",1.70000000000005,12,8.58319101685287,0.689273433466848,NA,NA,NA,NA,NA,NA,"prototipo","2.3.2.9015","C:/Users/lysit/AppData/Local/R/win-library/4.6/igraph",1.72000000000003,12,8.58319101685287,0.689273433466848,3,12,2,1.70000000000005,0.0199999999999818,1,0.01999999999998,1.17647058823409
"barrido_lfr","LFR mu1_0.05_mu2_0.40 semilla 303","mu1_0.05_mu2_0.40",0.05,0.4,303,303,2,100,1000,9876,"original","2.3.2","C:/Users/lysit/Desktop/Tesis igraph/rigraph-main/tesis/lib/igraph_original/igraph",1.76999999999998,12,8.58319101685287,0.689273433466848,NA,NA,NA,NA,NA,NA,"prototipo","2.3.2.9015","C:/Users/lysit/AppData/Local/R/win-library/4.6/igraph",1.75999999999999,12,8.58319101685287,0.689273433466848,3,12,2,1.75,0.00999999999999091,1,-0.00999999999999002,-0.564971751411872
"barrido_lfr","LFR mu1_0.05_mu2_0.40 semilla 303","mu1_0.05_mu2_0.40",0.05,0.4,303,303,3,100,1000,9876,"original","2.3.2","C:/Users/lysit/Desktop/Tesis igraph/rigraph-main/tesis/lib/igraph_original/igraph",1.83000000000004,12,8.58319101685287,0.689273433466848,NA,NA,NA,NA,NA,NA,"prototipo","2.3.2.9015","C:/Users/lysit/AppData/Local/R/win-library/4.6/igraph",1.81,12,8.58319101685287,0.689273433466848,3,12,2,1.79999999999995,0.0100000000000477,1,-0.02000000000004,-1.09289617486555
"barrido_lfr","LFR mu1_0.05_mu2_0.40 semilla 303","mu1_0.05_mu2_0.40",0.05,0.4,303,303,4,100,1000,9876,"original","2.3.2","C:/Users/lysit/Desktop/Tesis igraph/rigraph-main/tesis/lib/igraph_original/igraph",1.81000000000006,12,8.58319101685287,0.689273433466848,NA,NA,NA,NA,NA,NA,"prototipo","2.3.2.9015","C:/Users/lysit/AppData/Local/R/win-library/4.6/igraph",1.74000000000001,12,8.58319101685287,0.689273433466848,3,12,2,1.70999999999998,0.0300000000000296,1,-0.07000000000005,-3.86740331491976
"barrido_lfr","LFR mu1_0.05_mu2_0.40 semilla 303","mu1_0.05_mu2_0.40",0.05,0.4,303,303,5,100,1000,9876,"original","2.3.2","C:/Users/lysit/Desktop/Tesis igraph/rigraph-main/tesis/lib/igraph_original/igraph",1.78000000000009,12,8.58319101685287,0.689273433466848,NA,NA,NA,NA,NA,NA,"prototipo","2.3.2.9015","C:/Users/lysit/AppData/Local/R/win-library/4.6/igraph",1.69,12,8.58319101685287,0.689273433466848,3,12,2,1.69,0,1,-0.09000000000009,-5.0561797752857
"barrido_lfr","LFR mu1_0.10_mu2_0.20 semilla 101","mu1_0.10_mu2_0.20",0.1,0.2,101,101,1,100,1000,9657,"original","2.3.2","C:/Users/lysit/Desktop/Tesis igraph/rigraph-main/tesis/lib/igraph_original/igraph",1.38999999999999,29,8.13271290403527,0.672635217299977,NA,NA,NA,NA,NA,NA,"prototipo","2.3.2.9015","C:/Users/lysit/AppData/Local/R/win-library/4.6/igraph",1.42000000000002,29,8.13271290403527,0.672635217299977,4,5,3,1.38,0.0400000000000205,2,0.03000000000003,2.15827338129714
"barrido_lfr","LFR mu1_0.10_mu2_0.20 semilla 101","mu1_0.10_mu2_0.20",0.1,0.2,101,101,2,100,1000,9657,"original","2.3.2","C:/Users/lysit/Desktop/Tesis igraph/rigraph-main/tesis/lib/igraph_original/igraph",1.43999999999994,29,8.13271290403527,0.672635217299977,NA,NA,NA,NA,NA,NA,"prototipo","2.3.2.9015","C:/Users/lysit/AppData/Local/R/win-library/4.6/igraph",1.44,29,8.13271290403527,0.672635217299977,4,5,3,1.40999999999997,0.0300000000000296,2,5.99520433297585e-14,4.16333634234451e-12
"barrido_lfr","LFR mu1_0.10_mu2_0.20 semilla 101","mu1_0.10_mu2_0.20",0.1,0.2,101,101,3,100,1000,9657,"original","2.3.2","C:/Users/lysit/Desktop/Tesis igraph/rigraph-main/tesis/lib/igraph_original/igraph",1.53999999999996,29,8.13271290403527,0.672635217299977,NA,NA,NA,NA,NA,NA,"prototipo","2.3.2.9015","C:/Users/lysit/AppData/Local/R/win-library/4.6/igraph",1.42000000000002,29,8.13271290403527,0.672635217299977,4,5,3,1.38,0.0400000000000205,2,-0.11999999999994,-7.79220779220411
"barrido_lfr","LFR mu1_0.10_mu2_0.20 semilla 101","mu1_0.10_mu2_0.20",0.1,0.2,101,101,4,100,1000,9657,"original","2.3.2","C:/Users/lysit/Desktop/Tesis igraph/rigraph-main/tesis/lib/igraph_original/igraph",1.43999999999994,29,8.13271290403527,0.672635217299977,NA,NA,NA,NA,NA,NA,"prototipo","2.3.2.9015","C:/Users/lysit/AppData/Local/R/win-library/4.6/igraph",1.49000000000001,29,8.13271290403527,0.672635217299977,4,5,3,1.44000000000005,0.0499999999999545,2,0.05000000000007,3.47222222222723
"barrido_lfr","LFR mu1_0.10_mu2_0.20 semilla 101","mu1_0.10_mu2_0.20",0.1,0.2,101,101,5,100,1000,9657,"original","2.3.2","C:/Users/lysit/Desktop/Tesis igraph/rigraph-main/tesis/lib/igraph_original/igraph",1.43999999999994,29,8.13271290403527,0.672635217299977,NA,NA,NA,NA,NA,NA,"prototipo","2.3.2.9015","C:/Users/lysit/AppData/Local/R/win-library/4.6/igraph",1.38999999999999,29,8.13271290403527,0.672635217299977,4,5,3,1.36000000000001,0.0299999999999727,2,-0.0499999999999501,-3.4722222222189
"barrido_lfr","LFR mu1_0.10_mu2_0.20 semilla 202","mu1_0.10_mu2_0.20",0.1,0.2,202,202,1,100,1000,9472,"original","2.3.2","C:/Users/lysit/Desktop/Tesis igraph/rigraph-main/tesis/lib/igraph_original/igraph",1.38999999999999,30,8.1536245343428,0.661509316711203,NA,NA,NA,NA,NA,NA,"prototipo","2.3.2.9015","C:/Users/lysit/AppData/Local/R/win-library/4.6/igraph",1.41999999999996,30,8.1536245343428,0.661509316711203,4,5,3,1.40999999999997,0.00999999999999091,2,0.0299999999999701,2.15827338129283
"barrido_lfr","LFR mu1_0.10_mu2_0.20 semilla 202","mu1_0.10_mu2_0.20",0.1,0.2,202,202,2,100,1000,9472,"original","2.3.2","C:/Users/lysit/Desktop/Tesis igraph/rigraph-main/tesis/lib/igraph_original/igraph",1.43000000000006,30,8.1536245343428,0.661509316711203,NA,NA,NA,NA,NA,NA,"prototipo","2.3.2.9015","C:/Users/lysit/AppData/Local/R/win-library/4.6/igraph",1.38999999999999,30,8.1536245343428,0.661509316711203,4,5,3,1.35000000000002,0.0399999999999636,2,-0.04000000000007,-2.79720279720757
"barrido_lfr","LFR mu1_0.10_mu2_0.20 semilla 202","mu1_0.10_mu2_0.20",0.1,0.2,202,202,3,100,1000,9472,"original","2.3.2","C:/Users/lysit/Desktop/Tesis igraph/rigraph-main/tesis/lib/igraph_original/igraph",1.39999999999998,30,8.1536245343428,0.661509316711203,NA,NA,NA,NA,NA,NA,"prototipo","2.3.2.9015","C:/Users/lysit/AppData/Local/R/win-library/4.6/igraph",1.38999999999999,30,8.1536245343428,0.661509316711203,4,5,3,1.32000000000005,0.0699999999999363,2,-0.00999999999999002,-0.714285714285011
"barrido_lfr","LFR mu1_0.10_mu2_0.20 semilla 202","mu1_0.10_mu2_0.20",0.1,0.2,202,202,4,100,1000,9472,"original","2.3.2","C:/Users/lysit/Desktop/Tesis igraph/rigraph-main/tesis/lib/igraph_original/igraph",1.47000000000003,30,8.1536245343428,0.661509316711203,NA,NA,NA,NA,NA,NA,"prototipo","2.3.2.9015","C:/Users/lysit/AppData/Local/R/win-library/4.6/igraph",1.38999999999999,30,8.1536245343428,0.661509316711203,4,5,3,1.34000000000003,0.0499999999999545,2,-0.08000000000004,-5.44217687075091
"barrido_lfr","LFR mu1_0.10_mu2_0.20 semilla 202","mu1_0.10_mu2_0.20",0.1,0.2,202,202,5,100,1000,9472,"original","2.3.2","C:/Users/lysit/Desktop/Tesis igraph/rigraph-main/tesis/lib/igraph_original/igraph",1.40999999999997,30,8.1536245343428,0.661509316711203,NA,NA,NA,NA,NA,NA,"prototipo","2.3.2.9015","C:/Users/lysit/AppData/Local/R/win-library/4.6/igraph",1.39999999999998,30,8.1536245343428,0.661509316711203,4,5,3,1.37,0.0299999999999727,2,-0.00999999999999002,-0.709219858155336
"barrido_lfr","LFR mu1_0.10_mu2_0.20 semilla 303","mu1_0.10_mu2_0.20",0.1,0.2,303,303,1,100,1000,9688,"original","2.3.2","C:/Users/lysit/Desktop/Tesis igraph/rigraph-main/tesis/lib/igraph_original/igraph",1.32999999999993,28,8.20347610049439,0.660373843521504,NA,NA,NA,NA,NA,NA,"prototipo","2.3.2.9015","C:/Users/lysit/AppData/Local/R/win-library/4.6/igraph",1.40000000000009,28,8.20347610049439,0.660373843521504,4,5,3,1.37,0.0300000000000864,2,0.0700000000001602,5.26315789474916
"barrido_lfr","LFR mu1_0.10_mu2_0.20 semilla 303","mu1_0.10_mu2_0.20",0.1,0.2,303,303,2,100,1000,9688,"original","2.3.2","C:/Users/lysit/Desktop/Tesis igraph/rigraph-main/tesis/lib/igraph_original/igraph",1.48000000000002,28,8.20347610049439,0.660373843521504,NA,NA,NA,NA,NA,NA,"prototipo","2.3.2.9015","C:/Users/lysit/AppData/Local/R/win-library/4.6/igraph",1.5100000000001,28,8.20347610049439,0.660373843521504,4,5,3,1.48000000000002,0.0300000000000864,2,0.03000000000008,2.0270270270324
"barrido_lfr","LFR mu1_0.10_mu2_0.20 semilla 303","mu1_0.10_mu2_0.20",0.1,0.2,303,303,3,100,1000,9688,"original","2.3.2","C:/Users/lysit/Desktop/Tesis igraph/rigraph-main/tesis/lib/igraph_original/igraph",1.47000000000003,28,8.20347610049439,0.660373843521504,NA,NA,NA,NA,NA,NA,"prototipo","2.3.2.9015","C:/Users/lysit/AppData/Local/R/win-library/4.6/igraph",1.44000000000005,28,8.20347610049439,0.660373843521504,4,5,3,1.38,0.0600000000000591,2,-0.02999999999998,-2.04081632652921
"barrido_lfr","LFR mu1_0.10_mu2_0.20 semilla 303","mu1_0.10_mu2_0.20",0.1,0.2,303,303,4,100,1000,9688,"original","2.3.2","C:/Users/lysit/Desktop/Tesis igraph/rigraph-main/tesis/lib/igraph_original/igraph",1.42000000000007,28,8.20347610049439,0.660373843521504,NA,NA,NA,NA,NA,NA,"prototipo","2.3.2.9015","C:/Users/lysit/AppData/Local/R/win-library/4.6/igraph",1.41000000000008,28,8.20347610049439,0.660373843521504,4,5,3,1.36000000000001,0.0500000000000682,2,-0.00999999999999002,-0.704225352111938
"barrido_lfr","LFR mu1_0.10_mu2_0.20 semilla 303","mu1_0.10_mu2_0.20",0.1,0.2,303,303,5,100,1000,9688,"original","2.3.2","C:/Users/lysit/Desktop/Tesis igraph/rigraph-main/tesis/lib/igraph_original/igraph",1.47000000000003,28,8.20347610049439,0.660373843521504,NA,NA,NA,NA,NA,NA,"prototipo","2.3.2.9015","C:/Users/lysit/AppData/Local/R/win-library/4.6/igraph",1.47000000000003,28,8.20347610049439,0.660373843521504,4,5,3,1.40000000000009,0.0699999999999363,2,0,0
"barrido_lfr","LFR mu1_0.10_mu2_0.30 semilla 101","mu1_0.10_mu2_0.30",0.1,0.3,101,101,1,100,1000,9907,"original","2.3.2","C:/Users/lysit/Desktop/Tesis igraph/rigraph-main/tesis/lib/igraph_original/igraph",1.63999999999999,23,8.61281368720361,0.61791126640979,NA,NA,NA,NA,NA,NA,"prototipo","2.3.2.9015","C:/Users/lysit/AppData/Local/R/win-library/4.6/igraph",1.63999999999999,23,8.61281368720361,0.61791126640979,4,3,3,1.60000000000002,0.0399999999999636,2,0,0
"barrido_lfr","LFR mu1_0.10_mu2_0.30 semilla 101","mu1_0.10_mu2_0.30",0.1,0.3,101,101,2,100,1000,9907,"original","2.3.2","C:/Users/lysit/Desktop/Tesis igraph/rigraph-main/tesis/lib/igraph_original/igraph",1.77999999999997,23,8.61281368720361,0.61791126640979,NA,NA,NA,NA,NA,NA,"prototipo","2.3.2.9015","C:/Users/lysit/AppData/Local/R/win-library/4.6/igraph",1.73000000000002,23,8.61281368720361,0.61791126640979,4,3,3,1.69999999999993,0.0300000000000864,2,-0.0499999999999501,-2.80898876404219
"barrido_lfr","LFR mu1_0.10_mu2_0.30 semilla 101","mu1_0.10_mu2_0.30",0.1,0.3,101,101,3,100,1000,9907,"original","2.3.2","C:/Users/lysit/Desktop/Tesis igraph/rigraph-main/tesis/lib/igraph_original/igraph",1.67000000000007,23,8.61281368720361,0.61791126640979,NA,NA,NA,NA,NA,NA,"prototipo","2.3.2.9015","C:/Users/lysit/AppData/Local/R/win-library/4.6/igraph",1.6400000000001,23,8.61281368720361,0.61791126640979,4,3,3,1.61000000000001,0.0300000000000864,2,-0.0299999999999701,-1.79640718562687
"barrido_lfr","LFR mu1_0.10_mu2_0.30 semilla 101","mu1_0.10_mu2_0.30",0.1,0.3,101,101,4,100,1000,9907,"original","2.3.2","C:/Users/lysit/Desktop/Tesis igraph/rigraph-main/tesis/lib/igraph_original/igraph",1.67000000000007,23,8.61281368720361,0.61791126640979,NA,NA,NA,NA,NA,NA,"prototipo","2.3.2.9015","C:/Users/lysit/AppData/Local/R/win-library/4.6/igraph",1.65000000000009,23,8.61281368720361,0.61791126640979,4,3,3,1.61000000000001,0.0400000000000773,2,-0.01999999999998,-1.19760479041792
"barrido_lfr","LFR mu1_0.10_mu2_0.30 semilla 101","mu1_0.10_mu2_0.30",0.1,0.3,101,101,5,100,1000,9907,"original","2.3.2","C:/Users/lysit/Desktop/Tesis igraph/rigraph-main/tesis/lib/igraph_original/igraph",1.78000000000009,23,8.61281368720361,0.61791126640979,NA,NA,NA,NA,NA,NA,"prototipo","2.3.2.9015","C:/Users/lysit/AppData/Local/R/win-library/4.6/igraph",1.70000000000005,23,8.61281368720361,0.61791126640979,4,3,3,1.67000000000007,0.0299999999999727,2,-0.08000000000004,-4.49438202247393
"barrido_lfr","LFR mu1_0.10_mu2_0.30 semilla 202","mu1_0.10_mu2_0.30",0.1,0.3,202,202,1,100,1000,9674,"original","2.3.2","C:/Users/lysit/Desktop/Tesis igraph/rigraph-main/tesis/lib/igraph_original/igraph",1.63,19,8.6038714438149,0.648101116877436,NA,NA,NA,NA,NA,NA,"prototipo","2.3.2.9015","C:/Users/lysit/AppData/Local/R/win-library/4.6/igraph",1.64999999999998,19,8.6038714438149,0.648101116877436,3,19,2,1.62,0.0299999999999727,1,0.01999999999998,1.22699386502945
"barrido_lfr","LFR mu1_0.10_mu2_0.30 semilla 202","mu1_0.10_mu2_0.30",0.1,0.3,202,202,2,100,1000,9674,"original","2.3.2","C:/Users/lysit/Desktop/Tesis igraph/rigraph-main/tesis/lib/igraph_original/igraph",1.72000000000003,19,8.6038714438149,0.648101116877436,NA,NA,NA,NA,NA,NA,"prototipo","2.3.2.9015","C:/Users/lysit/AppData/Local/R/win-library/4.6/igraph",1.73000000000002,19,8.6038714438149,0.648101116877436,3,19,2,1.70000000000005,0.0299999999999727,1,0.00999999999999002,0.581395348836619
"barrido_lfr","LFR mu1_0.10_mu2_0.30 semilla 202","mu1_0.10_mu2_0.30",0.1,0.3,202,202,3,100,1000,9674,"original","2.3.2","C:/Users/lysit/Desktop/Tesis igraph/rigraph-main/tesis/lib/igraph_original/igraph",1.68999999999994,19,8.6038714438149,0.648101116877436,NA,NA,NA,NA,NA,NA,"prototipo","2.3.2.9015","C:/Users/lysit/AppData/Local/R/win-library/4.6/igraph",1.69000000000005,19,8.6038714438149,0.648101116877436,3,19,2,1.67000000000007,0.0199999999999818,1,1.0991207943789e-13,6.50367333952038e-12
"barrido_lfr","LFR mu1_0.10_mu2_0.30 semilla 202","mu1_0.10_mu2_0.30",0.1,0.3,202,202,4,100,1000,9674,"original","2.3.2","C:/Users/lysit/Desktop/Tesis igraph/rigraph-main/tesis/lib/igraph_original/igraph",1.72000000000003,19,8.6038714438149,0.648101116877436,NA,NA,NA,NA,NA,NA,"prototipo","2.3.2.9015","C:/Users/lysit/AppData/Local/R/win-library/4.6/igraph",1.68999999999994,19,8.6038714438149,0.648101116877436,3,19,2,1.68999999999994,0,1,-0.03000000000009,-1.74418604651683
"barrido_lfr","LFR mu1_0.10_mu2_0.30 semilla 202","mu1_0.10_mu2_0.30",0.1,0.3,202,202,5,100,1000,9674,"original","2.3.2","C:/Users/lysit/Desktop/Tesis igraph/rigraph-main/tesis/lib/igraph_original/igraph",1.73000000000002,19,8.6038714438149,0.648101116877436,NA,NA,NA,NA,NA,NA,"prototipo","2.3.2.9015","C:/Users/lysit/AppData/Local/R/win-library/4.6/igraph",1.74000000000001,19,8.6038714438149,0.648101116877436,3,19,2,1.72000000000003,0.0199999999999818,1,0.00999999999999002,0.578034682080341
"barrido_lfr","LFR mu1_0.10_mu2_0.30 semilla 303","mu1_0.10_mu2_0.30",0.1,0.3,303,303,1,100,1000,10224,"original","2.3.2","C:/Users/lysit/Desktop/Tesis igraph/rigraph-main/tesis/lib/igraph_original/igraph",1.59000000000003,17,8.62899920580666,0.645065335009098,NA,NA,NA,NA,NA,NA,"prototipo","2.3.2.9015","C:/Users/lysit/AppData/Local/R/win-library/4.6/igraph",1.67999999999995,17,8.62899920580666,0.645065335009098,3,17,2,1.65999999999997,0.0199999999999818,1,0.0899999999999199,5.66037735848542
"barrido_lfr","LFR mu1_0.10_mu2_0.30 semilla 303","mu1_0.10_mu2_0.30",0.1,0.3,303,303,2,100,1000,10224,"original","2.3.2","C:/Users/lysit/Desktop/Tesis igraph/rigraph-main/tesis/lib/igraph_original/igraph",1.73000000000002,17,8.62899920580666,0.645065335009098,NA,NA,NA,NA,NA,NA,"prototipo","2.3.2.9015","C:/Users/lysit/AppData/Local/R/win-library/4.6/igraph",1.70000000000005,17,8.62899920580666,0.645065335009098,3,17,2,1.68999999999994,0.0100000000001046,1,-0.0299999999999701,-1.73410404624102
"barrido_lfr","LFR mu1_0.10_mu2_0.30 semilla 303","mu1_0.10_mu2_0.30",0.1,0.3,303,303,3,100,1000,10224,"original","2.3.2","C:/Users/lysit/Desktop/Tesis igraph/rigraph-main/tesis/lib/igraph_original/igraph",1.65999999999997,17,8.62899920580666,0.645065335009098,NA,NA,NA,NA,NA,NA,"prototipo","2.3.2.9015","C:/Users/lysit/AppData/Local/R/win-library/4.6/igraph",1.69000000000005,17,8.62899920580666,0.645065335009098,3,17,2,1.67000000000007,0.0199999999999818,1,0.03000000000008,1.8072289156675
"barrido_lfr","LFR mu1_0.10_mu2_0.30 semilla 303","mu1_0.10_mu2_0.30",0.1,0.3,303,303,4,100,1000,10224,"original","2.3.2","C:/Users/lysit/Desktop/Tesis igraph/rigraph-main/tesis/lib/igraph_original/igraph",1.66999999999996,17,8.62899920580666,0.645065335009098,NA,NA,NA,NA,NA,NA,"prototipo","2.3.2.9015","C:/Users/lysit/AppData/Local/R/win-library/4.6/igraph",1.69999999999993,17,8.62899920580666,0.645065335009098,3,17,2,1.69999999999993,0,1,0.0299999999999701,1.79640718562699
"barrido_lfr","LFR mu1_0.10_mu2_0.30 semilla 303","mu1_0.10_mu2_0.30",0.1,0.3,303,303,5,100,1000,10224,"original","2.3.2","C:/Users/lysit/Desktop/Tesis igraph/rigraph-main/tesis/lib/igraph_original/igraph",1.75,17,8.62899920580666,0.645065335009098,NA,NA,NA,NA,NA,NA,"prototipo","2.3.2.9015","C:/Users/lysit/AppData/Local/R/win-library/4.6/igraph",1.72000000000003,17,8.62899920580666,0.645065335009098,3,17,2,1.71000000000004,0.00999999999999091,1,-0.0299999999999701,-1.714285714284
"barrido_lfr","LFR mu1_0.10_mu2_0.40 semilla 101","mu1_0.10_mu2_0.40",0.1,0.4,101,101,1,100,1000,9906,"original","2.3.2","C:/Users/lysit/Desktop/Tesis igraph/rigraph-main/tesis/lib/igraph_original/igraph",1.81000000000006,5,8.82223878891999,0.686431539858477,NA,NA,NA,NA,NA,NA,"prototipo","2.3.2.9015","C:/Users/lysit/AppData/Local/R/win-library/4.6/igraph",1.84000000000003,5,8.82223878891999,0.686431539858477,3,5,2,1.84000000000003,0,1,0.0299999999999701,1.6574585635342
"barrido_lfr","LFR mu1_0.10_mu2_0.40 semilla 101","mu1_0.10_mu2_0.40",0.1,0.4,101,101,2,100,1000,9906,"original","2.3.2","C:/Users/lysit/Desktop/Tesis igraph/rigraph-main/tesis/lib/igraph_original/igraph",1.96000000000004,5,8.82223878891999,0.686431539858477,NA,NA,NA,NA,NA,NA,"prototipo","2.3.2.9015","C:/Users/lysit/AppData/Local/R/win-library/4.6/igraph",1.92000000000007,5,8.82223878891999,0.686431539858477,3,5,2,1.91000000000008,0.00999999999999091,1,-0.0399999999999698,-2.04081632652903
"barrido_lfr","LFR mu1_0.10_mu2_0.40 semilla 101","mu1_0.10_mu2_0.40",0.1,0.4,101,101,3,100,1000,9906,"original","2.3.2","C:/Users/lysit/Desktop/Tesis igraph/rigraph-main/tesis/lib/igraph_original/igraph",1.88,5,8.82223878891999,0.686431539858477,NA,NA,NA,NA,NA,NA,"prototipo","2.3.2.9015","C:/Users/lysit/AppData/Local/R/win-library/4.6/igraph",1.84000000000003,5,8.82223878891999,0.686431539858477,3,5,2,1.84000000000003,0,1,-0.0399999999999698,-2.12765957446648
"barrido_lfr","LFR mu1_0.10_mu2_0.40 semilla 101","mu1_0.10_mu2_0.40",0.1,0.4,101,101,4,100,1000,9906,"original","2.3.2","C:/Users/lysit/Desktop/Tesis igraph/rigraph-main/tesis/lib/igraph_original/igraph",1.94000000000005,5,8.82223878891999,0.686431539858477,NA,NA,NA,NA,NA,NA,"prototipo","2.3.2.9015","C:/Users/lysit/AppData/Local/R/win-library/4.6/igraph",1.95000000000005,5,8.82223878891999,0.686431539858477,3,5,2,1.94000000000005,0.00999999999999091,1,0.01,0.51546391752576
"barrido_lfr","LFR mu1_0.10_mu2_0.40 semilla 101","mu1_0.10_mu2_0.40",0.1,0.4,101,101,5,100,1000,9906,"original","2.3.2","C:/Users/lysit/Desktop/Tesis igraph/rigraph-main/tesis/lib/igraph_original/igraph",1.87,5,8.82223878891999,0.686431539858477,NA,NA,NA,NA,NA,NA,"prototipo","2.3.2.9015","C:/Users/lysit/AppData/Local/R/win-library/4.6/igraph",1.8599999999999,5,8.82223878891999,0.686431539858477,3,5,2,1.84999999999991,0.00999999999999091,1,-0.0100000000001002,-0.534759358294126
"barrido_lfr","LFR mu1_0.10_mu2_0.40 semilla 202","mu1_0.10_mu2_0.40",0.1,0.4,202,202,1,100,1000,9560,"original","2.3.2","C:/Users/lysit/Desktop/Tesis igraph/rigraph-main/tesis/lib/igraph_original/igraph",2,13,8.78912771713597,0.64106006875755,NA,NA,NA,NA,NA,NA,"prototipo","2.3.2.9015","C:/Users/lysit/AppData/Local/R/win-library/4.6/igraph",1.94000000000005,13,8.78912771713597,0.64106006875755,3,13,2,1.94000000000005,0,1,-0.0599999999999501,-2.9999999999975
"barrido_lfr","LFR mu1_0.10_mu2_0.40 semilla 202","mu1_0.10_mu2_0.40",0.1,0.4,202,202,2,100,1000,9560,"original","2.3.2","C:/Users/lysit/Desktop/Tesis igraph/rigraph-main/tesis/lib/igraph_original/igraph",1.95999999999992,13,8.78912771713597,0.64106006875755,NA,NA,NA,NA,NA,NA,"prototipo","2.3.2.9015","C:/Users/lysit/AppData/Local/R/win-library/4.6/igraph",1.91999999999996,13,8.78912771713597,0.64106006875755,3,13,2,1.90999999999997,0.00999999999999091,1,-0.0399999999999601,-2.04081632652866
"barrido_lfr","LFR mu1_0.10_mu2_0.40 semilla 202","mu1_0.10_mu2_0.40",0.1,0.4,202,202,3,100,1000,9560,"original","2.3.2","C:/Users/lysit/Desktop/Tesis igraph/rigraph-main/tesis/lib/igraph_original/igraph",2.06999999999994,13,8.78912771713597,0.64106006875755,NA,NA,NA,NA,NA,NA,"prototipo","2.3.2.9015","C:/Users/lysit/AppData/Local/R/win-library/4.6/igraph",1.95000000000005,13,8.78912771713597,0.64106006875755,3,13,2,1.93999999999994,0.0100000000001046,1,-0.11999999999989,-5.79710144927022
"barrido_lfr","LFR mu1_0.10_mu2_0.40 semilla 202","mu1_0.10_mu2_0.40",0.1,0.4,202,202,4,100,1000,9560,"original","2.3.2","C:/Users/lysit/Desktop/Tesis igraph/rigraph-main/tesis/lib/igraph_original/igraph",1.94000000000005,13,8.78912771713597,0.64106006875755,NA,NA,NA,NA,NA,NA,"prototipo","2.3.2.9015","C:/Users/lysit/AppData/Local/R/win-library/4.6/igraph",1.92000000000007,13,8.78912771713597,0.64106006875755,3,13,2,1.91000000000008,0.00999999999999091,1,-0.0199999999999798,-1.03092783505048
"barrido_lfr","LFR mu1_0.10_mu2_0.40 semilla 202","mu1_0.10_mu2_0.40",0.1,0.4,202,202,5,100,1000,9560,"original","2.3.2","C:/Users/lysit/Desktop/Tesis igraph/rigraph-main/tesis/lib/igraph_original/igraph",1.97000000000003,13,8.78912771713597,0.64106006875755,NA,NA,NA,NA,NA,NA,"prototipo","2.3.2.9015","C:/Users/lysit/AppData/Local/R/win-library/4.6/igraph",1.93999999999994,13,8.78912771713597,0.64106006875755,3,13,2,1.91999999999996,0.0199999999999818,1,-0.03000000000009,-1.52284263959845
"barrido_lfr","LFR mu1_0.10_mu2_0.40 semilla 303","mu1_0.10_mu2_0.40",0.1,0.4,303,303,1,100,1000,9877,"original","2.3.2","C:/Users/lysit/Desktop/Tesis igraph/rigraph-main/tesis/lib/igraph_original/igraph",1.86000000000001,11,8.82508039047639,0.64174360325022,NA,NA,NA,NA,NA,NA,"prototipo","2.3.2.9015","C:/Users/lysit/AppData/Local/R/win-library/4.6/igraph",1.80999999999995,11,8.82508039047639,0.64174360325022,3,11,2,1.79999999999995,0.00999999999999091,1,-0.05000000000006,-2.68817204301396
"barrido_lfr","LFR mu1_0.10_mu2_0.40 semilla 303","mu1_0.10_mu2_0.40",0.1,0.4,303,303,2,100,1000,9877,"original","2.3.2","C:/Users/lysit/Desktop/Tesis igraph/rigraph-main/tesis/lib/igraph_original/igraph",1.9899999999999,11,8.82508039047639,0.64174360325022,NA,NA,NA,NA,NA,NA,"prototipo","2.3.2.9015","C:/Users/lysit/AppData/Local/R/win-library/4.6/igraph",1.79999999999995,11,8.82508039047639,0.64174360325022,3,11,2,1.79999999999995,0,1,-0.18999999999995,-9.5477386934653
"barrido_lfr","LFR mu1_0.10_mu2_0.40 semilla 303","mu1_0.10_mu2_0.40",0.1,0.4,303,303,3,100,1000,9877,"original","2.3.2","C:/Users/lysit/Desktop/Tesis igraph/rigraph-main/tesis/lib/igraph_original/igraph",1.92000000000007,11,8.82508039047639,0.64174360325022,NA,NA,NA,NA,NA,NA,"prototipo","2.3.2.9015","C:/Users/lysit/AppData/Local/R/win-library/4.6/igraph",1.85000000000002,11,8.82508039047639,0.64174360325022,3,11,2,1.83000000000004,0.0199999999999818,1,-0.07000000000005,-3.64583333333581
"barrido_lfr","LFR mu1_0.10_mu2_0.40 semilla 303","mu1_0.10_mu2_0.40",0.1,0.4,303,303,4,100,1000,9877,"original","2.3.2","C:/Users/lysit/Desktop/Tesis igraph/rigraph-main/tesis/lib/igraph_original/igraph",1.88999999999999,11,8.82508039047639,0.64174360325022,NA,NA,NA,NA,NA,NA,"prototipo","2.3.2.9015","C:/Users/lysit/AppData/Local/R/win-library/4.6/igraph",1.77999999999997,11,8.82508039047639,0.64174360325022,3,11,2,1.75999999999999,0.0199999999999818,1,-0.11000000000002,-5.8201058201069
"barrido_lfr","LFR mu1_0.10_mu2_0.40 semilla 303","mu1_0.10_mu2_0.40",0.1,0.4,303,303,5,100,1000,9877,"original","2.3.2","C:/Users/lysit/Desktop/Tesis igraph/rigraph-main/tesis/lib/igraph_original/igraph",2.01999999999998,11,8.82508039047639,0.64174360325022,NA,NA,NA,NA,NA,NA,"prototipo","2.3.2.9015","C:/Users/lysit/AppData/Local/R/win-library/4.6/igraph",1.89999999999998,11,8.82508039047639,0.64174360325022,3,11,2,1.88999999999999,0.00999999999999091,1,-0.12,-5.940594059406
"barrido_lfr","LFR mu1_0.20_mu2_0.20 semilla 101","mu1_0.20_mu2_0.20",0.2,0.2,101,101,1,100,1000,9918,"original","2.3.2","C:/Users/lysit/Desktop/Tesis igraph/rigraph-main/tesis/lib/igraph_original/igraph",1.72000000000003,29,8.66848287558236,0.57764484461229,NA,NA,NA,NA,NA,NA,"prototipo","2.3.2.9015","C:/Users/lysit/AppData/Local/R/win-library/4.6/igraph",1.84999999999991,29,8.66848287558236,0.57764484461229,3,29,2,1.81999999999994,0.0299999999999727,1,0.12999999999988,7.55813953487661
"barrido_lfr","LFR mu1_0.20_mu2_0.20 semilla 101","mu1_0.20_mu2_0.20",0.2,0.2,101,101,2,100,1000,9918,"original","2.3.2","C:/Users/lysit/Desktop/Tesis igraph/rigraph-main/tesis/lib/igraph_original/igraph",1.86000000000001,29,8.66848287558236,0.57764484461229,NA,NA,NA,NA,NA,NA,"prototipo","2.3.2.9015","C:/Users/lysit/AppData/Local/R/win-library/4.6/igraph",1.88999999999999,29,8.66848287558236,0.57764484461229,3,29,2,1.86000000000001,0.0299999999999727,1,0.0299999999999798,1.61290322580536
"barrido_lfr","LFR mu1_0.20_mu2_0.20 semilla 101","mu1_0.20_mu2_0.20",0.2,0.2,101,101,3,100,1000,9918,"original","2.3.2","C:/Users/lysit/Desktop/Tesis igraph/rigraph-main/tesis/lib/igraph_original/igraph",1.79999999999995,29,8.66848287558236,0.57764484461229,NA,NA,NA,NA,NA,NA,"prototipo","2.3.2.9015","C:/Users/lysit/AppData/Local/R/win-library/4.6/igraph",1.82000000000005,29,8.66848287558236,0.57764484461229,3,29,2,1.79000000000008,0.0299999999999727,1,0.0200000000000999,1.11111111111669
"barrido_lfr","LFR mu1_0.20_mu2_0.20 semilla 101","mu1_0.20_mu2_0.20",0.2,0.2,101,101,4,100,1000,9918,"original","2.3.2","C:/Users/lysit/Desktop/Tesis igraph/rigraph-main/tesis/lib/igraph_original/igraph",1.90999999999997,29,8.66848287558236,0.57764484461229,NA,NA,NA,NA,NA,NA,"prototipo","2.3.2.9015","C:/Users/lysit/AppData/Local/R/win-library/4.6/igraph",1.86000000000001,29,8.66848287558236,0.57764484461229,3,29,2,1.82999999999993,0.0300000000000864,1,-0.0499999999999599,-2.61780104711836
"barrido_lfr","LFR mu1_0.20_mu2_0.20 semilla 101","mu1_0.20_mu2_0.20",0.2,0.2,101,101,5,100,1000,9918,"original","2.3.2","C:/Users/lysit/Desktop/Tesis igraph/rigraph-main/tesis/lib/igraph_original/igraph",1.79999999999995,29,8.66848287558236,0.57764484461229,NA,NA,NA,NA,NA,NA,"prototipo","2.3.2.9015","C:/Users/lysit/AppData/Local/R/win-library/4.6/igraph",1.86000000000001,29,8.66848287558236,0.57764484461229,3,29,2,1.82999999999993,0.0300000000000864,1,0.06000000000006,3.33333333333676
"barrido_lfr","LFR mu1_0.20_mu2_0.20 semilla 202","mu1_0.20_mu2_0.20",0.2,0.2,202,202,1,100,1000,10014,"original","2.3.2","C:/Users/lysit/Desktop/Tesis igraph/rigraph-main/tesis/lib/igraph_original/igraph",1.90999999999997,28,8.73786607577918,0.560766654265415,NA,NA,NA,NA,NA,NA,"prototipo","2.3.2.9015","C:/Users/lysit/AppData/Local/R/win-library/4.6/igraph",1.97000000000003,28,8.73786607577918,0.560766654265415,3,28,2,1.95000000000005,0.0199999999999818,1,0.06000000000006,3.14136125654769
"barrido_lfr","LFR mu1_0.20_mu2_0.20 semilla 202","mu1_0.20_mu2_0.20",0.2,0.2,202,202,2,100,1000,10014,"original","2.3.2","C:/Users/lysit/Desktop/Tesis igraph/rigraph-main/tesis/lib/igraph_original/igraph",1.86000000000001,28,8.73786607577918,0.560766654265415,NA,NA,NA,NA,NA,NA,"prototipo","2.3.2.9015","C:/Users/lysit/AppData/Local/R/win-library/4.6/igraph",1.88999999999999,28,8.73786607577918,0.560766654265415,3,28,2,1.84000000000003,0.0499999999999545,1,0.0299999999999798,1.61290322580536
"barrido_lfr","LFR mu1_0.20_mu2_0.20 semilla 202","mu1_0.20_mu2_0.20",0.2,0.2,202,202,3,100,1000,10014,"original","2.3.2","C:/Users/lysit/Desktop/Tesis igraph/rigraph-main/tesis/lib/igraph_original/igraph",1.86000000000001,28,8.73786607577918,0.560766654265415,NA,NA,NA,NA,NA,NA,"prototipo","2.3.2.9015","C:/Users/lysit/AppData/Local/R/win-library/4.6/igraph",1.86000000000001,28,8.73786607577918,0.560766654265415,3,28,2,1.82999999999993,0.0300000000000864,1,0,0
"barrido_lfr","LFR mu1_0.20_mu2_0.20 semilla 202","mu1_0.20_mu2_0.20",0.2,0.2,202,202,4,100,1000,10014,"original","2.3.2","C:/Users/lysit/Desktop/Tesis igraph/rigraph-main/tesis/lib/igraph_original/igraph",1.90999999999997,28,8.73786607577918,0.560766654265415,NA,NA,NA,NA,NA,NA,"prototipo","2.3.2.9015","C:/Users/lysit/AppData/Local/R/win-library/4.6/igraph",1.94000000000005,28,8.73786607577918,0.560766654265415,3,28,2,1.91000000000008,0.0299999999999727,1,0.03000000000008,1.57068062827646
"barrido_lfr","LFR mu1_0.20_mu2_0.20 semilla 202","mu1_0.20_mu2_0.20",0.2,0.2,202,202,5,100,1000,10014,"original","2.3.2","C:/Users/lysit/Desktop/Tesis igraph/rigraph-main/tesis/lib/igraph_original/igraph",1.91999999999996,28,8.73786607577918,0.560766654265415,NA,NA,NA,NA,NA,NA,"prototipo","2.3.2.9015","C:/Users/lysit/AppData/Local/R/win-library/4.6/igraph",1.86000000000001,28,8.73786607577918,0.560766654265415,3,28,2,1.82999999999993,0.0300000000000864,1,-0.0599999999999499,-3.12499999999745
"barrido_lfr","LFR mu1_0.20_mu2_0.20 semilla 303","mu1_0.20_mu2_0.20",0.2,0.2,303,303,1,100,1000,9632,"original","2.3.2","C:/Users/lysit/Desktop/Tesis igraph/rigraph-main/tesis/lib/igraph_original/igraph",1.93999999999994,24,8.78237641351711,0.574476646962023,NA,NA,NA,NA,NA,NA,"prototipo","2.3.2.9015","C:/Users/lysit/AppData/Local/R/win-library/4.6/igraph",1.88,24,8.78237641351711,0.574476646962023,3,24,2,1.85000000000002,0.0299999999999727,1,-0.0599999999999401,-3.09278350515165
"barrido_lfr","LFR mu1_0.20_mu2_0.20 semilla 303","mu1_0.20_mu2_0.20",0.2,0.2,303,303,2,100,1000,9632,"original","2.3.2","C:/Users/lysit/Desktop/Tesis igraph/rigraph-main/tesis/lib/igraph_original/igraph",1.94999999999993,24,8.78237641351711,0.574476646962023,NA,NA,NA,NA,NA,NA,"prototipo","2.3.2.9015","C:/Users/lysit/AppData/Local/R/win-library/4.6/igraph",1.91000000000008,24,8.78237641351711,0.574476646962023,3,24,2,1.88999999999999,0.0200000000000955,1,-0.0399999999998499,-2.05128205127443
"barrido_lfr","LFR mu1_0.20_mu2_0.20 semilla 303","mu1_0.20_mu2_0.20",0.2,0.2,303,303,3,100,1000,9632,"original","2.3.2","C:/Users/lysit/Desktop/Tesis igraph/rigraph-main/tesis/lib/igraph_original/igraph",2.06999999999994,24,8.78237641351711,0.574476646962023,NA,NA,NA,NA,NA,NA,"prototipo","2.3.2.9015","C:/Users/lysit/AppData/Local/R/win-library/4.6/igraph",1.93999999999994,24,8.78237641351711,0.574476646962023,3,24,2,1.90999999999997,0.0299999999999727,1,-0.13,-6.28019323671515
"barrido_lfr","LFR mu1_0.20_mu2_0.20 semilla 303","mu1_0.20_mu2_0.20",0.2,0.2,303,303,4,100,1000,9632,"original","2.3.2","C:/Users/lysit/Desktop/Tesis igraph/rigraph-main/tesis/lib/igraph_original/igraph",1.95000000000005,24,8.78237641351711,0.574476646962023,NA,NA,NA,NA,NA,NA,"prototipo","2.3.2.9015","C:/Users/lysit/AppData/Local/R/win-library/4.6/igraph",1.89999999999998,24,8.78237641351711,0.574476646962023,3,24,2,1.88,0.0199999999999818,1,-0.05000000000007,-2.56410256410609
"barrido_lfr","LFR mu1_0.20_mu2_0.20 semilla 303","mu1_0.20_mu2_0.20",0.2,0.2,303,303,5,100,1000,9632,"original","2.3.2","C:/Users/lysit/Desktop/Tesis igraph/rigraph-main/tesis/lib/igraph_original/igraph",1.99000000000001,24,8.78237641351711,0.574476646962023,NA,NA,NA,NA,NA,NA,"prototipo","2.3.2.9015","C:/Users/lysit/AppData/Local/R/win-library/4.6/igraph",1.93999999999994,24,8.78237641351711,0.574476646962023,3,24,2,1.92999999999995,0.00999999999999091,1,-0.05000000000007,-2.51256281407386
"barrido_lfr","LFR mu1_0.20_mu2_0.30 semilla 101","mu1_0.20_mu2_0.30",0.2,0.3,101,101,1,100,1000,9608,"original","2.3.2","C:/Users/lysit/Desktop/Tesis igraph/rigraph-main/tesis/lib/igraph_original/igraph",2.37,19,9.09533263589408,0.545174823740069,NA,NA,NA,NA,NA,NA,"prototipo","2.3.2.9015","C:/Users/lysit/AppData/Local/R/win-library/4.6/igraph",2.29999999999995,19,9.09533263589408,0.545174823740069,3,19,2,2.27999999999997,0.0199999999999818,1,-0.07000000000005,-2.95358649789241
"barrido_lfr","LFR mu1_0.20_mu2_0.30 semilla 101","mu1_0.20_mu2_0.30",0.2,0.3,101,101,2,100,1000,9608,"original","2.3.2","C:/Users/lysit/Desktop/Tesis igraph/rigraph-main/tesis/lib/igraph_original/igraph",2.37,19,9.09533263589408,0.545174823740069,NA,NA,NA,NA,NA,NA,"prototipo","2.3.2.9015","C:/Users/lysit/AppData/Local/R/win-library/4.6/igraph",2.36000000000001,19,9.09533263589408,0.545174823740069,3,19,2,2.32000000000005,0.0399999999999636,1,-0.00999999999999002,-0.421940928269621
"barrido_lfr","LFR mu1_0.20_mu2_0.30 semilla 101","mu1_0.20_mu2_0.30",0.2,0.3,101,101,3,100,1000,9608,"original","2.3.2","C:/Users/lysit/Desktop/Tesis igraph/rigraph-main/tesis/lib/igraph_original/igraph",2.38999999999999,19,9.09533263589408,0.545174823740069,NA,NA,NA,NA,NA,NA,"prototipo","2.3.2.9015","C:/Users/lysit/AppData/Local/R/win-library/4.6/igraph",2.29999999999995,19,9.09533263589408,0.545174823740069,3,19,2,2.27999999999997,0.0199999999999818,1,-0.0900000000000398,-3.76569037657072
"barrido_lfr","LFR mu1_0.20_mu2_0.30 semilla 101","mu1_0.20_mu2_0.30",0.2,0.3,101,101,4,100,1000,9608,"original","2.3.2","C:/Users/lysit/Desktop/Tesis igraph/rigraph-main/tesis/lib/igraph_original/igraph",2.39999999999998,19,9.09533263589408,0.545174823740069,NA,NA,NA,NA,NA,NA,"prototipo","2.3.2.9015","C:/Users/lysit/AppData/Local/R/win-library/4.6/igraph",2.37,19,9.09533263589408,0.545174823740069,3,19,2,2.36000000000001,0.00999999999999091,1,-0.0299999999999798,-1.24999999999917
"barrido_lfr","LFR mu1_0.20_mu2_0.30 semilla 101","mu1_0.20_mu2_0.30",0.2,0.3,101,101,5,100,1000,9608,"original","2.3.2","C:/Users/lysit/Desktop/Tesis igraph/rigraph-main/tesis/lib/igraph_original/igraph",2.37,19,9.09533263589408,0.545174823740069,NA,NA,NA,NA,NA,NA,"prototipo","2.3.2.9015","C:/Users/lysit/AppData/Local/R/win-library/4.6/igraph",2.30000000000007,19,9.09533263589408,0.545174823740069,3,19,2,2.26999999999998,0.0300000000000864,1,-0.0699999999999301,-2.95358649788735
"barrido_lfr","LFR mu1_0.20_mu2_0.30 semilla 202","mu1_0.20_mu2_0.30",0.2,0.3,202,202,1,100,1000,9685,"original","2.3.2","C:/Users/lysit/Desktop/Tesis igraph/rigraph-main/tesis/lib/igraph_original/igraph",2.14999999999998,13,9.09617760351277,0.574786524089085,NA,NA,NA,NA,NA,NA,"prototipo","2.3.2.9015","C:/Users/lysit/AppData/Local/R/win-library/4.6/igraph",2.21000000000004,13,9.09617760351277,0.574786524089085,3,13,2,2.20000000000005,0.00999999999999091,1,0.06000000000006,2.79069767442142
"barrido_lfr","LFR mu1_0.20_mu2_0.30 semilla 202","mu1_0.20_mu2_0.30",0.2,0.3,202,202,2,100,1000,9685,"original","2.3.2","C:/Users/lysit/Desktop/Tesis igraph/rigraph-main/tesis/lib/igraph_original/igraph",2.29999999999995,13,9.09617760351277,0.574786524089085,NA,NA,NA,NA,NA,NA,"prototipo","2.3.2.9015","C:/Users/lysit/AppData/Local/R/win-library/4.6/igraph",2.31999999999994,13,9.09617760351277,0.574786524089085,3,13,2,2.29999999999995,0.0199999999999818,1,0.0199999999999898,0.86956521739088
"barrido_lfr","LFR mu1_0.20_mu2_0.30 semilla 202","mu1_0.20_mu2_0.30",0.2,0.3,202,202,3,100,1000,9685,"original","2.3.2","C:/Users/lysit/Desktop/Tesis igraph/rigraph-main/tesis/lib/igraph_original/igraph",2.20000000000005,13,9.09617760351277,0.574786524089085,NA,NA,NA,NA,NA,NA,"prototipo","2.3.2.9015","C:/Users/lysit/AppData/Local/R/win-library/4.6/igraph",2.21000000000004,13,9.09617760351277,0.574786524089085,3,13,2,2.21000000000004,0,1,0.00999999999999002,0.45454545454499
"barrido_lfr","LFR mu1_0.20_mu2_0.30 semilla 202","mu1_0.20_mu2_0.30",0.2,0.3,202,202,4,100,1000,9685,"original","2.3.2","C:/Users/lysit/Desktop/Tesis igraph/rigraph-main/tesis/lib/igraph_original/igraph",2.32000000000005,13,9.09617760351277,0.574786524089085,NA,NA,NA,NA,NA,NA,"prototipo","2.3.2.9015","C:/Users/lysit/AppData/Local/R/win-library/4.6/igraph",2.29999999999995,13,9.09617760351277,0.574786524089085,3,13,2,2.27999999999997,0.0199999999999818,1,-0.0200000000000999,-0.86206896552153
"barrido_lfr","LFR mu1_0.20_mu2_0.30 semilla 202","mu1_0.20_mu2_0.30",0.2,0.3,202,202,5,100,1000,9685,"original","2.3.2","C:/Users/lysit/Desktop/Tesis igraph/rigraph-main/tesis/lib/igraph_original/igraph",2.21999999999991,13,9.09617760351277,0.574786524089085,NA,NA,NA,NA,NA,NA,"prototipo","2.3.2.9015","C:/Users/lysit/AppData/Local/R/win-library/4.6/igraph",2.24000000000001,13,9.09617760351277,0.574786524089085,3,13,2,2.22000000000003,0.0199999999999818,1,0.0200000000000999,0.900900900905439
"barrido_lfr","LFR mu1_0.20_mu2_0.30 semilla 303","mu1_0.20_mu2_0.30",0.2,0.3,303,303,1,100,1000,9792,"original","2.3.2","C:/Users/lysit/Desktop/Tesis igraph/rigraph-main/tesis/lib/igraph_original/igraph",2.49000000000001,20,9.06441427706678,0.548547752817426,NA,NA,NA,NA,NA,NA,"prototipo","2.3.2.9015","C:/Users/lysit/AppData/Local/R/win-library/4.6/igraph",2.52999999999997,20,9.06441427706678,0.548547752817426,3,20,2,2.50999999999999,0.0199999999999818,1,0.0399999999999601,1.60642570280963
"barrido_lfr","LFR mu1_0.20_mu2_0.30 semilla 303","mu1_0.20_mu2_0.30",0.2,0.3,303,303,2,100,1000,9792,"original","2.3.2","C:/Users/lysit/Desktop/Tesis igraph/rigraph-main/tesis/lib/igraph_original/igraph",2.64999999999998,20,9.06441427706678,0.548547752817426,NA,NA,NA,NA,NA,NA,"prototipo","2.3.2.9015","C:/Users/lysit/AppData/Local/R/win-library/4.6/igraph",2.62,20,9.06441427706678,0.548547752817426,3,20,2,2.60000000000002,0.0199999999999818,1,-0.0299999999999798,-1.13207547169736
"barrido_lfr","LFR mu1_0.20_mu2_0.30 semilla 303","mu1_0.20_mu2_0.30",0.2,0.3,303,303,3,100,1000,9792,"original","2.3.2","C:/Users/lysit/Desktop/Tesis igraph/rigraph-main/tesis/lib/igraph_original/igraph",2.54999999999995,20,9.06441427706678,0.548547752817426,NA,NA,NA,NA,NA,NA,"prototipo","2.3.2.9015","C:/Users/lysit/AppData/Local/R/win-library/4.6/igraph",2.52999999999997,20,9.06441427706678,0.548547752817426,3,20,2,2.51999999999998,0.00999999999999091,1,-0.01999999999998,-0.784313725489428
"barrido_lfr","LFR mu1_0.20_mu2_0.30 semilla 303","mu1_0.20_mu2_0.30",0.2,0.3,303,303,4,100,1000,9792,"original","2.3.2","C:/Users/lysit/Desktop/Tesis igraph/rigraph-main/tesis/lib/igraph_original/igraph",2.57000000000005,20,9.06441427706678,0.548547752817426,NA,NA,NA,NA,NA,NA,"prototipo","2.3.2.9015","C:/Users/lysit/AppData/Local/R/win-library/4.6/igraph",2.63999999999999,20,9.06441427706678,0.548547752817426,3,20,2,2.61000000000001,0.0299999999999727,1,0.0699999999999399,2.72373540855792
"barrido_lfr","LFR mu1_0.20_mu2_0.30 semilla 303","mu1_0.20_mu2_0.30",0.2,0.3,303,303,5,100,1000,9792,"original","2.3.2","C:/Users/lysit/Desktop/Tesis igraph/rigraph-main/tesis/lib/igraph_original/igraph",2.53000000000009,20,9.06441427706678,0.548547752817426,NA,NA,NA,NA,NA,NA,"prototipo","2.3.2.9015","C:/Users/lysit/AppData/Local/R/win-library/4.6/igraph",2.50999999999999,20,9.06441427706678,0.548547752817426,3,20,2,2.5,0.00999999999999091,1,-0.0200000000000999,-0.790513833996017
"barrido_lfr","LFR mu1_0.20_mu2_0.40 semilla 101","mu1_0.20_mu2_0.40",0.2,0.4,101,101,1,100,1000,9847,"original","2.3.2","C:/Users/lysit/Desktop/Tesis igraph/rigraph-main/tesis/lib/igraph_original/igraph",2.4799999999999,5,9.21300725638479,0.588539208641066,NA,NA,NA,NA,NA,NA,"prototipo","2.3.2.9015","C:/Users/lysit/AppData/Local/R/win-library/4.6/igraph",2.51999999999998,5,9.21300725638479,0.588539208641066,3,5,2,2.5,0.0199999999999818,1,0.04000000000008,1.61290322580974
"barrido_lfr","LFR mu1_0.20_mu2_0.40 semilla 101","mu1_0.20_mu2_0.40",0.2,0.4,101,101,2,100,1000,9847,"original","2.3.2","C:/Users/lysit/Desktop/Tesis igraph/rigraph-main/tesis/lib/igraph_original/igraph",2.62,5,9.21300725638479,0.588539208641066,NA,NA,NA,NA,NA,NA,"prototipo","2.3.2.9015","C:/Users/lysit/AppData/Local/R/win-library/4.6/igraph",2.60000000000002,5,9.21300725638479,0.588539208641066,3,5,2,2.60000000000002,0,1,-0.01999999999998,-0.763358778625192
"barrido_lfr","LFR mu1_0.20_mu2_0.40 semilla 101","mu1_0.20_mu2_0.40",0.2,0.4,101,101,3,100,1000,9847,"original","2.3.2","C:/Users/lysit/Desktop/Tesis igraph/rigraph-main/tesis/lib/igraph_original/igraph",2.59000000000003,5,9.21300725638479,0.588539208641066,NA,NA,NA,NA,NA,NA,"prototipo","2.3.2.9015","C:/Users/lysit/AppData/Local/R/win-library/4.6/igraph",2.56999999999994,5,9.21300725638479,0.588539208641066,3,5,2,2.54999999999995,0.0199999999999818,1,-0.0200000000000902,-0.772200772204245
"barrido_lfr","LFR mu1_0.20_mu2_0.40 semilla 101","mu1_0.20_mu2_0.40",0.2,0.4,101,101,4,100,1000,9847,"original","2.3.2","C:/Users/lysit/Desktop/Tesis igraph/rigraph-main/tesis/lib/igraph_original/igraph",2.63999999999999,5,9.21300725638479,0.588539208641066,NA,NA,NA,NA,NA,NA,"prototipo","2.3.2.9015","C:/Users/lysit/AppData/Local/R/win-library/4.6/igraph",2.61000000000001,5,9.21300725638479,0.588539208641066,3,5,2,2.59000000000003,0.0199999999999818,1,-0.0299999999999798,-1.13636363636288
"barrido_lfr","LFR mu1_0.20_mu2_0.40 semilla 101","mu1_0.20_mu2_0.40",0.2,0.4,101,101,5,100,1000,9847,"original","2.3.2","C:/Users/lysit/Desktop/Tesis igraph/rigraph-main/tesis/lib/igraph_original/igraph",2.52999999999997,5,9.21300725638479,0.588539208641066,NA,NA,NA,NA,NA,NA,"prototipo","2.3.2.9015","C:/Users/lysit/AppData/Local/R/win-library/4.6/igraph",2.52999999999997,5,9.21300725638479,0.588539208641066,3,5,2,2.50999999999999,0.0199999999999818,1,0,0
"barrido_lfr","LFR mu1_0.20_mu2_0.40 semilla 202","mu1_0.20_mu2_0.40",0.2,0.4,202,202,1,100,1000,9753,"original","2.3.2","C:/Users/lysit/Desktop/Tesis igraph/rigraph-main/tesis/lib/igraph_original/igraph",3,5,9.21515548403326,0.588858718897736,NA,NA,NA,NA,NA,NA,"prototipo","2.3.2.9015","C:/Users/lysit/AppData/Local/R/win-library/4.6/igraph",2.77999999999997,5,9.21515548403326,0.588858718897736,3,5,2,2.75999999999999,0.0199999999999818,1,-0.22000000000003,-7.33333333333433
"barrido_lfr","LFR mu1_0.20_mu2_0.40 semilla 202","mu1_0.20_mu2_0.40",0.2,0.4,202,202,2,100,1000,9753,"original","2.3.2","C:/Users/lysit/Desktop/Tesis igraph/rigraph-main/tesis/lib/igraph_original/igraph",3.03000000000009,5,9.21515548403326,0.588858718897736,NA,NA,NA,NA,NA,NA,"prototipo","2.3.2.9015","C:/Users/lysit/AppData/Local/R/win-library/4.6/igraph",2.84000000000003,5,9.21515548403326,0.588858718897736,3,5,2,2.82000000000005,0.0199999999999818,1,-0.19000000000006,-6.27062706270806
"barrido_lfr","LFR mu1_0.20_mu2_0.40 semilla 202","mu1_0.20_mu2_0.40",0.2,0.4,202,202,3,100,1000,9753,"original","2.3.2","C:/Users/lysit/Desktop/Tesis igraph/rigraph-main/tesis/lib/igraph_original/igraph",3.1099999999999,5,9.21515548403326,0.588858718897736,NA,NA,NA,NA,NA,NA,"prototipo","2.3.2.9015","C:/Users/lysit/AppData/Local/R/win-library/4.6/igraph",2.86000000000001,5,9.21515548403326,0.588858718897736,3,5,2,2.86000000000001,0,1,-0.24999999999989,-8.03858520899993
"barrido_lfr","LFR mu1_0.20_mu2_0.40 semilla 202","mu1_0.20_mu2_0.40",0.2,0.4,202,202,4,100,1000,9753,"original","2.3.2","C:/Users/lysit/Desktop/Tesis igraph/rigraph-main/tesis/lib/igraph_original/igraph",3.01999999999998,5,9.21515548403326,0.588858718897736,NA,NA,NA,NA,NA,NA,"prototipo","2.3.2.9015","C:/Users/lysit/AppData/Local/R/win-library/4.6/igraph",2.79999999999995,5,9.21515548403326,0.588858718897736,3,5,2,2.76999999999998,0.0299999999999727,1,-0.22000000000003,-7.28476821192157
"barrido_lfr","LFR mu1_0.20_mu2_0.40 semilla 202","mu1_0.20_mu2_0.40",0.2,0.4,202,202,5,100,1000,9753,"original","2.3.2","C:/Users/lysit/Desktop/Tesis igraph/rigraph-main/tesis/lib/igraph_original/igraph",3.09000000000015,5,9.21515548403326,0.588858718897736,NA,NA,NA,NA,NA,NA,"prototipo","2.3.2.9015","C:/Users/lysit/AppData/Local/R/win-library/4.6/igraph",2.84000000000003,5,9.21515548403326,0.588858718897736,3,5,2,2.83000000000004,0.00999999999999091,1,-0.25000000000012,-8.09061488673488
"barrido_lfr","LFR mu1_0.20_mu2_0.40 semilla 303","mu1_0.20_mu2_0.40",0.2,0.4,303,303,1,100,1000,9717,"original","2.3.2","C:/Users/lysit/Desktop/Tesis igraph/rigraph-main/tesis/lib/igraph_original/igraph",2.71000000000004,5,9.21700373008919,0.588860242442686,NA,NA,NA,NA,NA,NA,"prototipo","2.3.2.9015","C:/Users/lysit/AppData/Local/R/win-library/4.6/igraph",2.99000000000001,5,9.21700373008919,0.588860242442686,3,5,2,2.99000000000001,0,1,0.27999999999997,10.332103321032
"barrido_lfr","LFR mu1_0.20_mu2_0.40 semilla 303","mu1_0.20_mu2_0.40",0.2,0.4,303,303,2,100,1000,9717,"original","2.3.2","C:/Users/lysit/Desktop/Tesis igraph/rigraph-main/tesis/lib/igraph_original/igraph",2.86000000000013,5,9.21700373008919,0.588860242442686,NA,NA,NA,NA,NA,NA,"prototipo","2.3.2.9015","C:/Users/lysit/AppData/Local/R/win-library/4.6/igraph",2.90999999999997,5,9.21700373008919,0.588860242442686,3,5,2,2.90999999999997,0,1,0.04999999999984,1.74825174824607
"barrido_lfr","LFR mu1_0.20_mu2_0.40 semilla 303","mu1_0.20_mu2_0.40",0.2,0.4,303,303,3,100,1000,9717,"original","2.3.2","C:/Users/lysit/Desktop/Tesis igraph/rigraph-main/tesis/lib/igraph_original/igraph",2.82999999999993,5,9.21700373008919,0.588860242442686,NA,NA,NA,NA,NA,NA,"prototipo","2.3.2.9015","C:/Users/lysit/AppData/Local/R/win-library/4.6/igraph",2.97000000000003,5,9.21700373008919,0.588860242442686,3,5,2,2.97000000000003,0,1,0.1400000000001,4.94699646643475
"barrido_lfr","LFR mu1_0.20_mu2_0.40 semilla 303","mu1_0.20_mu2_0.40",0.2,0.4,303,303,4,100,1000,9717,"original","2.3.2","C:/Users/lysit/Desktop/Tesis igraph/rigraph-main/tesis/lib/igraph_original/igraph",2.84999999999991,5,9.21700373008919,0.588860242442686,NA,NA,NA,NA,NA,NA,"prototipo","2.3.2.9015","C:/Users/lysit/AppData/Local/R/win-library/4.6/igraph",2.99000000000001,5,9.21700373008919,0.588860242442686,3,5,2,2.99000000000001,0,1,0.1400000000001,4.91228070175805
"barrido_lfr","LFR mu1_0.20_mu2_0.40 semilla 303","mu1_0.20_mu2_0.40",0.2,0.4,303,303,5,100,1000,9717,"original","2.3.2","C:/Users/lysit/Desktop/Tesis igraph/rigraph-main/tesis/lib/igraph_original/igraph",2.80000000000018,5,9.21700373008919,0.588860242442686,NA,NA,NA,NA,NA,NA,"prototipo","2.3.2.9015","C:/Users/lysit/AppData/Local/R/win-library/4.6/igraph",2.94000000000005,5,9.21700373008919,0.588860242442686,3,5,2,2.94000000000005,0,1,0.13999999999987,4.99999999999504
"principal","LFR 5000","LFR_5000_jerarquia_reforzada",NA,NA,NA,123,1,100,5000,48631,"original","2.3.2","C:/Users/lysit/Desktop/Tesis igraph/rigraph-main/tesis/lib/igraph_original/igraph",11.2199999999999,147,9.13183599369053,0.692182474123868,NA,NA,NA,NA,NA,NA,"prototipo","2.3.2.9015","C:/Users/lysit/AppData/Local/R/win-library/4.6/igraph",9.19,147,9.13183599369053,0.692182474123868,4,6,3,8.92999999999995,0.260000000000048,2,-2.0299999999999,-18.0926916221027
"principal","LFR 5000","LFR_5000_jerarquia_reforzada",NA,NA,NA,123,2,100,5000,48631,"original","2.3.2","C:/Users/lysit/Desktop/Tesis igraph/rigraph-main/tesis/lib/igraph_original/igraph",9.13,147,9.13183599369053,0.692182474123868,NA,NA,NA,NA,NA,NA,"prototipo","2.3.2.9015","C:/Users/lysit/AppData/Local/R/win-library/4.6/igraph",9.29999999999995,147,9.13183599369053,0.692182474123868,4,6,3,9.03999999999996,0.259999999999991,2,0.169999999999948,1.86199342825792
"principal","LFR 5000","LFR_5000_jerarquia_reforzada",NA,NA,NA,123,3,100,5000,48631,"original","2.3.2","C:/Users/lysit/Desktop/Tesis igraph/rigraph-main/tesis/lib/igraph_original/igraph",9.29000000000008,147,9.13183599369053,0.692182474123868,NA,NA,NA,NA,NA,NA,"prototipo","2.3.2.9015","C:/Users/lysit/AppData/Local/R/win-library/4.6/igraph",9.29999999999995,147,9.13183599369053,0.692182474123868,4,6,3,9.02999999999997,0.269999999999982,2,0.00999999999986834,0.107642626478668
"principal","LFR 5000","LFR_5000_jerarquia_reforzada",NA,NA,NA,123,4,100,5000,48631,"original","2.3.2","C:/Users/lysit/Desktop/Tesis igraph/rigraph-main/tesis/lib/igraph_original/igraph",9.08000000000004,147,9.13183599369053,0.692182474123868,NA,NA,NA,NA,NA,NA,"prototipo","2.3.2.9015","C:/Users/lysit/AppData/Local/R/win-library/4.6/igraph",9.26000000000005,147,9.13183599369053,0.692182474123868,4,6,3,9,0.260000000000048,2,0.18000000000001,1.98237885462566
"principal","LFR 5000","LFR_5000_jerarquia_reforzada",NA,NA,NA,123,5,100,5000,48631,"original","2.3.2","C:/Users/lysit/Desktop/Tesis igraph/rigraph-main/tesis/lib/igraph_original/igraph",9.19000000000005,147,9.13183599369053,0.692182474123868,NA,NA,NA,NA,NA,NA,"prototipo","2.3.2.9015","C:/Users/lysit/AppData/Local/R/win-library/4.6/igraph",9.25,147,9.13183599369053,0.692182474123868,4,6,3,8.99000000000001,0.25,2,0.0599999999999508,0.652883569096305
"principal","USairports","USairports",NA,NA,NA,123,1,500,745,4618,"original","2.3.2","C:/Users/lysit/Desktop/Tesis igraph/rigraph-main/tesis/lib/igraph_original/igraph",18.31,52,7.07354442740251,0.268284845247899,NA,NA,NA,NA,NA,NA,"prototipo","2.3.2.9015","C:/Users/lysit/AppData/Local/R/win-library/4.6/igraph",10.46,52,7.07354442740251,0.268284845247899,4,5,3,10.36,0.100000000000001,2,-7.85,-42.8727471327144
"principal","USairports","USairports",NA,NA,NA,123,2,500,745,4618,"original","2.3.2","C:/Users/lysit/Desktop/Tesis igraph/rigraph-main/tesis/lib/igraph_original/igraph",20,52,7.07354442740251,0.268284845247899,NA,NA,NA,NA,NA,NA,"prototipo","2.3.2.9015","C:/Users/lysit/AppData/Local/R/win-library/4.6/igraph",10.54,52,7.07354442740251,0.268284845247899,4,5,3,10.44,0.100000000000001,2,-9.46,-47.3
"principal","USairports","USairports",NA,NA,NA,123,3,500,745,4618,"original","2.3.2","C:/Users/lysit/Desktop/Tesis igraph/rigraph-main/tesis/lib/igraph_original/igraph",16.34,52,7.07354442740251,0.268284845247899,NA,NA,NA,NA,NA,NA,"prototipo","2.3.2.9015","C:/Users/lysit/AppData/Local/R/win-library/4.6/igraph",10.54,52,7.07354442740251,0.268284845247899,4,5,3,10.45,0.0900000000000034,2,-5.8,-35.4957160342717
"principal","USairports","USairports",NA,NA,NA,123,4,500,745,4618,"original","2.3.2","C:/Users/lysit/Desktop/Tesis igraph/rigraph-main/tesis/lib/igraph_original/igraph",19.37,52,7.07354442740251,0.268284845247899,NA,NA,NA,NA,NA,NA,"prototipo","2.3.2.9015","C:/Users/lysit/AppData/Local/R/win-library/4.6/igraph",10.49,52,7.07354442740251,0.268284845247899,4,5,3,10.39,0.100000000000001,2,-8.88,-45.8440887971089
"principal","USairports","USairports",NA,NA,NA,123,5,500,745,4618,"original","2.3.2","C:/Users/lysit/Desktop/Tesis igraph/rigraph-main/tesis/lib/igraph_original/igraph",21.22,52,7.07354442740251,0.268284845247899,NA,NA,NA,NA,NA,NA,"prototipo","2.3.2.9015","C:/Users/lysit/AppData/Local/R/win-library/4.6/igraph",10.51,52,7.07354442740251,0.268284845247899,4,5,3,10.42,0.0900000000000034,2,-10.71,-50.4712535344015
"principal","Yeast","yeast",NA,NA,NA,123,1,500,2375,11693,"original","2.3.2","C:/Users/lysit/Desktop/Tesis igraph/rigraph-main/tesis/lib/igraph_original/igraph",86.31,201,7.73704806138369,0.675085604813161,NA,NA,NA,NA,NA,NA,"prototipo","2.3.2.9015","C:/Users/lysit/AppData/Local/R/win-library/4.6/igraph",50.03,203,7.7376215418361,0.67519099423257,4,15,3,47.72,2.31,2,-36.28,-42.0345267060596
"principal","Yeast","yeast",NA,NA,NA,123,2,500,2375,11693,"original","2.3.2","C:/Users/lysit/Desktop/Tesis igraph/rigraph-main/tesis/lib/igraph_original/igraph",92.7,201,7.73704806138369,0.675085604813161,NA,NA,NA,NA,NA,NA,"prototipo","2.3.2.9015","C:/Users/lysit/AppData/Local/R/win-library/4.6/igraph",49.92,203,7.7376215418361,0.67519099423257,4,15,3,47.64,2.28,2,-42.78,-46.1488673139159
"principal","Yeast","yeast",NA,NA,NA,123,3,500,2375,11693,"original","2.3.2","C:/Users/lysit/Desktop/Tesis igraph/rigraph-main/tesis/lib/igraph_original/igraph",113.42,201,7.73704806138369,0.675085604813161,NA,NA,NA,NA,NA,NA,"prototipo","2.3.2.9015","C:/Users/lysit/AppData/Local/R/win-library/4.6/igraph",49.92,203,7.7376215418361,0.67519099423257,4,15,3,47.64,2.28000000000003,2,-63.5,-55.9865984835126
"principal","Yeast","yeast",NA,NA,NA,123,4,500,2375,11693,"original","2.3.2","C:/Users/lysit/Desktop/Tesis igraph/rigraph-main/tesis/lib/igraph_original/igraph",121.53,201,7.73704806138369,0.675085604813161,NA,NA,NA,NA,NA,NA,"prototipo","2.3.2.9015","C:/Users/lysit/AppData/Local/R/win-library/4.6/igraph",50.17,203,7.7376215418361,0.67519099423257,4,15,3,47.87,2.30000000000001,2,-71.36,-58.7180120134946
"principal","Yeast","yeast",NA,NA,NA,123,5,500,2375,11693,"original","2.3.2","C:/Users/lysit/Desktop/Tesis igraph/rigraph-main/tesis/lib/igraph_original/igraph",55.6800000000001,201,7.73704806138369,0.675085604813161,NA,NA,NA,NA,NA,NA,"prototipo","2.3.2.9015","C:/Users/lysit/AppData/Local/R/win-library/4.6/igraph",50.09,203,7.7376215418361,0.67519099423257,4,15,3,47.8,2.28999999999996,2,-5.5900000000001,-10.039511494253
"principal","Zachary Karate Club","Zachary",NA,NA,NA,123,1,500,34,78,"original","2.3.2","C:/Users/lysit/Desktop/Tesis igraph/rigraph-main/tesis/lib/igraph_original/igraph",0.42,3,4.60605861235007,0.402038132807364,NA,NA,NA,NA,NA,NA,"prototipo","2.3.2.9015","C:/Users/lysit/AppData/Local/R/win-library/4.6/igraph",0.22,3,4.60605861235007,0.402038132807364,3,3,2,0.21,0.01,1,-0.2,-47.6190476190476
"principal","Zachary Karate Club","Zachary",NA,NA,NA,123,2,500,34,78,"original","2.3.2","C:/Users/lysit/Desktop/Tesis igraph/rigraph-main/tesis/lib/igraph_original/igraph",0.38,3,4.60605861235007,0.402038132807364,NA,NA,NA,NA,NA,NA,"prototipo","2.3.2.9015","C:/Users/lysit/AppData/Local/R/win-library/4.6/igraph",0.19,3,4.60605861235007,0.402038132807364,3,3,2,0.19,0,1,-0.19,-50
"principal","Zachary Karate Club","Zachary",NA,NA,NA,123,3,500,34,78,"original","2.3.2","C:/Users/lysit/Desktop/Tesis igraph/rigraph-main/tesis/lib/igraph_original/igraph",0.38,3,4.60605861235007,0.402038132807364,NA,NA,NA,NA,NA,NA,"prototipo","2.3.2.9015","C:/Users/lysit/AppData/Local/R/win-library/4.6/igraph",0.17,3,4.60605861235007,0.402038132807364,3,3,2,0.17,0,1,-0.21,-55.2631578947368
"principal","Zachary Karate Club","Zachary",NA,NA,NA,123,4,500,34,78,"original","2.3.2","C:/Users/lysit/Desktop/Tesis igraph/rigraph-main/tesis/lib/igraph_original/igraph",0.350000000000001,3,4.60605861235007,0.402038132807364,NA,NA,NA,NA,NA,NA,"prototipo","2.3.2.9015","C:/Users/lysit/AppData/Local/R/win-library/4.6/igraph",0.18,3,4.60605861235007,0.402038132807364,3,3,2,0.16,0.0199999999999998,1,-0.170000000000001,-48.5714285714287
"principal","Zachary Karate Club","Zachary",NA,NA,NA,123,5,500,34,78,"original","2.3.2","C:/Users/lysit/Desktop/Tesis igraph/rigraph-main/tesis/lib/igraph_original/igraph",0.31,3,4.60605861235007,0.402038132807364,NA,NA,NA,NA,NA,NA,"prototipo","2.3.2.9015","C:/Users/lysit/AppData/Local/R/win-library/4.6/igraph",0.19,3,4.60605861235007,0.402038132807364,3,3,2,0.19,0,1,-0.12,-38.7096774193548
