"variante","version_igraph","ruta_igraph","scope","red","configuracion","mu1","mu2","semilla_red","semilla_algoritmo","repeticion","nb_trials","nodos","aristas","tiempo_total_seg","comunidades_finales","codelength","modularidad","num_levels","num_top_modules","max_tree_depth","tiempo_infomap_inicial_seg","tiempo_reconstruccion_jerarquia_seg","reejecuciones_infomap"
"original","2.3.2","C:/Users/lysit/Desktop/Tesis igraph/rigraph-main/tesis/lib/igraph_original/igraph","principal","Zachary Karate Club","Zachary",NA,NA,NA,123,1,500,34,78,0.42,3,4.60605861235007,0.402038132807364,NA,NA,NA,NA,NA,NA
"original","2.3.2","C:/Users/lysit/Desktop/Tesis igraph/rigraph-main/tesis/lib/igraph_original/igraph","principal","Zachary Karate Club","Zachary",NA,NA,NA,123,2,500,34,78,0.38,3,4.60605861235007,0.402038132807364,NA,NA,NA,NA,NA,NA
"original","2.3.2","C:/Users/lysit/Desktop/Tesis igraph/rigraph-main/tesis/lib/igraph_original/igraph","principal","Zachary Karate Club","Zachary",NA,NA,NA,123,3,500,34,78,0.38,3,4.60605861235007,0.402038132807364,NA,NA,NA,NA,NA,NA
"original","2.3.2","C:/Users/lysit/Desktop/Tesis igraph/rigraph-main/tesis/lib/igraph_original/igraph","principal","Zachary Karate Club","Zachary",NA,NA,NA,123,4,500,34,78,0.350000000000001,3,4.60605861235007,0.402038132807364,NA,NA,NA,NA,NA,NA
"original","2.3.2","C:/Users/lysit/Desktop/Tesis igraph/rigraph-main/tesis/lib/igraph_original/igraph","principal","Zachary Karate Club","Zachary",NA,NA,NA,123,5,500,34,78,0.31,3,4.60605861235007,0.402038132807364,NA,NA,NA,NA,NA,NA
"original","2.3.2","C:/Users/lysit/Desktop/Tesis igraph/rigraph-main/tesis/lib/igraph_original/igraph","principal","USairports","USairports",NA,NA,NA,123,1,500,745,4618,18.31,52,7.07354442740251,0.268284845247899,NA,NA,NA,NA,NA,NA
"original","2.3.2","C:/Users/lysit/Desktop/Tesis igraph/rigraph-main/tesis/lib/igraph_original/igraph","principal","USairports","USairports",NA,NA,NA,123,2,500,745,4618,20,52,7.07354442740251,0.268284845247899,NA,NA,NA,NA,NA,NA
"original","2.3.2","C:/Users/lysit/Desktop/Tesis igraph/rigraph-main/tesis/lib/igraph_original/igraph","principal","USairports","USairports",NA,NA,NA,123,3,500,745,4618,16.34,52,7.07354442740251,0.268284845247899,NA,NA,NA,NA,NA,NA
"original","2.3.2","C:/Users/lysit/Desktop/Tesis igraph/rigraph-main/tesis/lib/igraph_original/igraph","principal","USairports","USairports",NA,NA,NA,123,4,500,745,4618,19.37,52,7.07354442740251,0.268284845247899,NA,NA,NA,NA,NA,NA
"original","2.3.2","C:/Users/lysit/Desktop/Tesis igraph/rigraph-main/tesis/lib/igraph_original/igraph","principal","USairports","USairports",NA,NA,NA,123,5,500,745,4618,21.22,52,7.07354442740251,0.268284845247899,NA,NA,NA,NA,NA,NA
"original","2.3.2","C:/Users/lysit/Desktop/Tesis igraph/rigraph-main/tesis/lib/igraph_original/igraph","principal","Yeast","yeast",NA,NA,NA,123,1,500,2375,11693,86.31,201,7.73704806138369,0.675085604813161,NA,NA,NA,NA,NA,NA
"original","2.3.2","C:/Users/lysit/Desktop/Tesis igraph/rigraph-main/tesis/lib/igraph_original/igraph","principal","Yeast","yeast",NA,NA,NA,123,2,500,2375,11693,92.7,201,7.73704806138369,0.675085604813161,NA,NA,NA,NA,NA,NA
"original","2.3.2","C:/Users/lysit/Desktop/Tesis igraph/rigraph-main/tesis/lib/igraph_original/igraph","principal","Yeast","yeast",NA,NA,NA,123,3,500,2375,11693,113.42,201,7.73704806138369,0.675085604813161,NA,NA,NA,NA,NA,NA
"original","2.3.2","C:/Users/lysit/Desktop/Tesis igraph/rigraph-main/tesis/lib/igraph_original/igraph","principal","Yeast","yeast",NA,NA,NA,123,4,500,2375,11693,121.53,201,7.73704806138369,0.675085604813161,NA,NA,NA,NA,NA,NA
"original","2.3.2","C:/Users/lysit/Desktop/Tesis igraph/rigraph-main/tesis/lib/igraph_original/igraph","principal","Yeast","yeast",NA,NA,NA,123,5,500,2375,11693,55.6800000000001,201,7.73704806138369,0.675085604813161,NA,NA,NA,NA,NA,NA
"original","2.3.2","C:/Users/lysit/Desktop/Tesis igraph/rigraph-main/tesis/lib/igraph_original/igraph","principal","LFR 5000","LFR_5000_jerarquia_reforzada",NA,NA,NA,123,1,100,5000,48631,11.2199999999999,147,9.13183599369053,0.692182474123868,NA,NA,NA,NA,NA,NA
"original","2.3.2","C:/Users/lysit/Desktop/Tesis igraph/rigraph-main/tesis/lib/igraph_original/igraph","principal","LFR 5000","LFR_5000_jerarquia_reforzada",NA,NA,NA,123,2,100,5000,48631,9.13,147,9.13183599369053,0.692182474123868,NA,NA,NA,NA,NA,NA
"original","2.3.2","C:/Users/lysit/Desktop/Tesis igraph/rigraph-main/tesis/lib/igraph_original/igraph","principal","LFR 5000","LFR_5000_jerarquia_reforzada",NA,NA,NA,123,3,100,5000,48631,9.29000000000008,147,9.13183599369053,0.692182474123868,NA,NA,NA,NA,NA,NA
"original","2.3.2","C:/Users/lysit/Desktop/Tesis igraph/rigraph-main/tesis/lib/igraph_original/igraph","principal","LFR 5000","LFR_5000_jerarquia_reforzada",NA,NA,NA,123,4,100,5000,48631,9.08000000000004,147,9.13183599369053,0.692182474123868,NA,NA,NA,NA,NA,NA
"original","2.3.2","C:/Users/lysit/Desktop/Tesis igraph/rigraph-main/tesis/lib/igraph_original/igraph","principal","LFR 5000","LFR_5000_jerarquia_reforzada",NA,NA,NA,123,5,100,5000,48631,9.19000000000005,147,9.13183599369053,0.692182474123868,NA,NA,NA,NA,NA,NA
"original","2.3.2","C:/Users/lysit/Desktop/Tesis igraph/rigraph-main/tesis/lib/igraph_original/igraph","barrido_lfr","LFR mu1_0.05_mu2_0.20 semilla 101","mu1_0.05_mu2_0.20",0.05,0.2,101,101,1,100,1000,9912,1.10000000000002,31,7.85131315400122,0.711413882439886,NA,NA,NA,NA,NA,NA
"original","2.3.2","C:/Users/lysit/Desktop/Tesis igraph/rigraph-main/tesis/lib/igraph_original/igraph","barrido_lfr","LFR mu1_0.05_mu2_0.20 semilla 101","mu1_0.05_mu2_0.20",0.05,0.2,101,101,2,100,1000,9912,1.17999999999995,31,7.85131315400122,0.711413882439886,NA,NA,NA,NA,NA,NA
"original","2.3.2","C:/Users/lysit/Desktop/Tesis igraph/rigraph-main/tesis/lib/igraph_original/igraph","barrido_lfr","LFR mu1_0.05_mu2_0.20 semilla 101","mu1_0.05_mu2_0.20",0.05,0.2,101,101,3,100,1000,9912,1.21999999999991,31,7.85131315400122,0.711413882439886,NA,NA,NA,NA,NA,NA
"original","2.3.2","C:/Users/lysit/Desktop/Tesis igraph/rigraph-main/tesis/lib/igraph_original/igraph","barrido_lfr","LFR mu1_0.05_mu2_0.20 semilla 101","mu1_0.05_mu2_0.20",0.05,0.2,101,101,4,100,1000,9912,1.16999999999996,31,7.85131315400122,0.711413882439886,NA,NA,NA,NA,NA,NA
"original","2.3.2","C:/Users/lysit/Desktop/Tesis igraph/rigraph-main/tesis/lib/igraph_original/igraph","barrido_lfr","LFR mu1_0.05_mu2_0.20 semilla 101","mu1_0.05_mu2_0.20",0.05,0.2,101,101,5,100,1000,9912,1.22000000000003,31,7.85131315400122,0.711413882439886,NA,NA,NA,NA,NA,NA
"original","2.3.2","C:/Users/lysit/Desktop/Tesis igraph/rigraph-main/tesis/lib/igraph_original/igraph","barrido_lfr","LFR mu1_0.05_mu2_0.20 semilla 202","mu1_0.05_mu2_0.20",0.05,0.2,202,202,1,100,1000,9770,1.19000000000005,26,7.99453435482183,0.70661672405972,NA,NA,NA,NA,NA,NA
"original","2.3.2","C:/Users/lysit/Desktop/Tesis igraph/rigraph-main/tesis/lib/igraph_original/igraph","barrido_lfr","LFR mu1_0.05_mu2_0.20 semilla 202","mu1_0.05_mu2_0.20",0.05,0.2,202,202,2,100,1000,9770,1.32000000000005,26,7.99453435482183,0.70661672405972,NA,NA,NA,NA,NA,NA
"original","2.3.2","C:/Users/lysit/Desktop/Tesis igraph/rigraph-main/tesis/lib/igraph_original/igraph","barrido_lfr","LFR mu1_0.05_mu2_0.20 semilla 202","mu1_0.05_mu2_0.20",0.05,0.2,202,202,3,100,1000,9770,1.25,26,7.99453435482183,0.70661672405972,NA,NA,NA,NA,NA,NA
"original","2.3.2","C:/Users/lysit/Desktop/Tesis igraph/rigraph-main/tesis/lib/igraph_original/igraph","barrido_lfr","LFR mu1_0.05_mu2_0.20 semilla 202","mu1_0.05_mu2_0.20",0.05,0.2,202,202,4,100,1000,9770,1.25,26,7.99453435482183,0.70661672405972,NA,NA,NA,NA,NA,NA
"original","2.3.2","C:/Users/lysit/Desktop/Tesis igraph/rigraph-main/tesis/lib/igraph_original/igraph","barrido_lfr","LFR mu1_0.05_mu2_0.20 semilla 202","mu1_0.05_mu2_0.20",0.05,0.2,202,202,5,100,1000,9770,1.25,26,7.99453435482183,0.70661672405972,NA,NA,NA,NA,NA,NA
"original","2.3.2","C:/Users/lysit/Desktop/Tesis igraph/rigraph-main/tesis/lib/igraph_original/igraph","barrido_lfr","LFR mu1_0.05_mu2_0.20 semilla 303","mu1_0.05_mu2_0.20",0.05,0.2,303,303,1,100,1000,9722,1.20000000000005,25,7.94583416967829,0.726289897411779,NA,NA,NA,NA,NA,NA
"original","2.3.2","C:/Users/lysit/Desktop/Tesis igraph/rigraph-main/tesis/lib/igraph_original/igraph","barrido_lfr","LFR mu1_0.05_mu2_0.20 semilla 303","mu1_0.05_mu2_0.20",0.05,0.2,303,303,2,100,1000,9722,1.25,25,7.94583416967829,0.726289897411779,NA,NA,NA,NA,NA,NA
"original","2.3.2","C:/Users/lysit/Desktop/Tesis igraph/rigraph-main/tesis/lib/igraph_original/igraph","barrido_lfr","LFR mu1_0.05_mu2_0.20 semilla 303","mu1_0.05_mu2_0.20",0.05,0.2,303,303,3,100,1000,9722,1.25,25,7.94583416967829,0.726289897411779,NA,NA,NA,NA,NA,NA
"original","2.3.2","C:/Users/lysit/Desktop/Tesis igraph/rigraph-main/tesis/lib/igraph_original/igraph","barrido_lfr","LFR mu1_0.05_mu2_0.20 semilla 303","mu1_0.05_mu2_0.20",0.05,0.2,303,303,4,100,1000,9722,1.36000000000001,25,7.94583416967829,0.726289897411779,NA,NA,NA,NA,NA,NA
"original","2.3.2","C:/Users/lysit/Desktop/Tesis igraph/rigraph-main/tesis/lib/igraph_original/igraph","barrido_lfr","LFR mu1_0.05_mu2_0.20 semilla 303","mu1_0.05_mu2_0.20",0.05,0.2,303,303,5,100,1000,9722,1.26999999999998,25,7.94583416967829,0.726289897411779,NA,NA,NA,NA,NA,NA
"original","2.3.2","C:/Users/lysit/Desktop/Tesis igraph/rigraph-main/tesis/lib/igraph_original/igraph","barrido_lfr","LFR mu1_0.05_mu2_0.30 semilla 101","mu1_0.05_mu2_0.30",0.05,0.3,101,101,1,100,1000,9714,1.42000000000007,23,8.35773130935476,0.666174470651237,NA,NA,NA,NA,NA,NA
"original","2.3.2","C:/Users/lysit/Desktop/Tesis igraph/rigraph-main/tesis/lib/igraph_original/igraph","barrido_lfr","LFR mu1_0.05_mu2_0.30 semilla 101","mu1_0.05_mu2_0.30",0.05,0.3,101,101,2,100,1000,9714,1.59000000000003,23,8.35773130935476,0.666174470651237,NA,NA,NA,NA,NA,NA
"original","2.3.2","C:/Users/lysit/Desktop/Tesis igraph/rigraph-main/tesis/lib/igraph_original/igraph","barrido_lfr","LFR mu1_0.05_mu2_0.30 semilla 101","mu1_0.05_mu2_0.30",0.05,0.3,101,101,3,100,1000,9714,1.47000000000003,23,8.35773130935476,0.666174470651237,NA,NA,NA,NA,NA,NA
"original","2.3.2","C:/Users/lysit/Desktop/Tesis igraph/rigraph-main/tesis/lib/igraph_original/igraph","barrido_lfr","LFR mu1_0.05_mu2_0.30 semilla 101","mu1_0.05_mu2_0.30",0.05,0.3,101,101,4,100,1000,9714,1.48000000000002,23,8.35773130935476,0.666174470651237,NA,NA,NA,NA,NA,NA
"original","2.3.2","C:/Users/lysit/Desktop/Tesis igraph/rigraph-main/tesis/lib/igraph_original/igraph","barrido_lfr","LFR mu1_0.05_mu2_0.30 semilla 101","mu1_0.05_mu2_0.30",0.05,0.3,101,101,5,100,1000,9714,1.53999999999996,23,8.35773130935476,0.666174470651237,NA,NA,NA,NA,NA,NA
"original","2.3.2","C:/Users/lysit/Desktop/Tesis igraph/rigraph-main/tesis/lib/igraph_original/igraph","barrido_lfr","LFR mu1_0.05_mu2_0.30 semilla 202","mu1_0.05_mu2_0.30",0.05,0.3,202,202,1,100,1000,9852,1.40999999999997,21,8.3901863334306,0.668154145214378,NA,NA,NA,NA,NA,NA
"original","2.3.2","C:/Users/lysit/Desktop/Tesis igraph/rigraph-main/tesis/lib/igraph_original/igraph","barrido_lfr","LFR mu1_0.05_mu2_0.30 semilla 202","mu1_0.05_mu2_0.30",0.05,0.3,202,202,2,100,1000,9852,1.52999999999997,21,8.3901863334306,0.668154145214378,NA,NA,NA,NA,NA,NA
"original","2.3.2","C:/Users/lysit/Desktop/Tesis igraph/rigraph-main/tesis/lib/igraph_original/igraph","barrido_lfr","LFR mu1_0.05_mu2_0.30 semilla 202","mu1_0.05_mu2_0.30",0.05,0.3,202,202,3,100,1000,9852,1.47000000000003,21,8.3901863334306,0.668154145214378,NA,NA,NA,NA,NA,NA
"original","2.3.2","C:/Users/lysit/Desktop/Tesis igraph/rigraph-main/tesis/lib/igraph_original/igraph","barrido_lfr","LFR mu1_0.05_mu2_0.30 semilla 202","mu1_0.05_mu2_0.30",0.05,0.3,202,202,4,100,1000,9852,1.45999999999992,21,8.3901863334306,0.668154145214378,NA,NA,NA,NA,NA,NA
"original","2.3.2","C:/Users/lysit/Desktop/Tesis igraph/rigraph-main/tesis/lib/igraph_original/igraph","barrido_lfr","LFR mu1_0.05_mu2_0.30 semilla 202","mu1_0.05_mu2_0.30",0.05,0.3,202,202,5,100,1000,9852,1.48000000000002,21,8.3901863334306,0.668154145214378,NA,NA,NA,NA,NA,NA
"original","2.3.2","C:/Users/lysit/Desktop/Tesis igraph/rigraph-main/tesis/lib/igraph_original/igraph","barrido_lfr","LFR mu1_0.05_mu2_0.30 semilla 303","mu1_0.05_mu2_0.30",0.05,0.3,303,303,1,100,1000,9838,1.41000000000008,19,8.41483652718064,0.677434935898535,NA,NA,NA,NA,NA,NA
"original","2.3.2","C:/Users/lysit/Desktop/Tesis igraph/rigraph-main/tesis/lib/igraph_original/igraph","barrido_lfr","LFR mu1_0.05_mu2_0.30 semilla 303","mu1_0.05_mu2_0.30",0.05,0.3,303,303,2,100,1000,9838,1.47000000000003,19,8.41483652718064,0.677434935898535,NA,NA,NA,NA,NA,NA
"original","2.3.2","C:/Users/lysit/Desktop/Tesis igraph/rigraph-main/tesis/lib/igraph_original/igraph","barrido_lfr","LFR mu1_0.05_mu2_0.30 semilla 303","mu1_0.05_mu2_0.30",0.05,0.3,303,303,3,100,1000,9838,1.58000000000004,19,8.41483652718064,0.677434935898535,NA,NA,NA,NA,NA,NA
"original","2.3.2","C:/Users/lysit/Desktop/Tesis igraph/rigraph-main/tesis/lib/igraph_original/igraph","barrido_lfr","LFR mu1_0.05_mu2_0.30 semilla 303","mu1_0.05_mu2_0.30",0.05,0.3,303,303,4,100,1000,9838,1.4899999999999,19,8.41483652718064,0.677434935898535,NA,NA,NA,NA,NA,NA
"original","2.3.2","C:/Users/lysit/Desktop/Tesis igraph/rigraph-main/tesis/lib/igraph_original/igraph","barrido_lfr","LFR mu1_0.05_mu2_0.30 semilla 303","mu1_0.05_mu2_0.30",0.05,0.3,303,303,5,100,1000,9838,1.47000000000003,19,8.41483652718064,0.677434935898535,NA,NA,NA,NA,NA,NA
"original","2.3.2","C:/Users/lysit/Desktop/Tesis igraph/rigraph-main/tesis/lib/igraph_original/igraph","barrido_lfr","LFR mu1_0.05_mu2_0.40 semilla 101","mu1_0.05_mu2_0.40",0.05,0.4,101,101,1,100,1000,9788,1.61000000000001,11,8.59358739171024,0.68995083907152,NA,NA,NA,NA,NA,NA
"original","2.3.2","C:/Users/lysit/Desktop/Tesis igraph/rigraph-main/tesis/lib/igraph_original/igraph","barrido_lfr","LFR mu1_0.05_mu2_0.40 semilla 101","mu1_0.05_mu2_0.40",0.05,0.4,101,101,2,100,1000,9788,1.67999999999995,11,8.59358739171024,0.68995083907152,NA,NA,NA,NA,NA,NA
"original","2.3.2","C:/Users/lysit/Desktop/Tesis igraph/rigraph-main/tesis/lib/igraph_original/igraph","barrido_lfr","LFR mu1_0.05_mu2_0.40 semilla 101","mu1_0.05_mu2_0.40",0.05,0.4,101,101,3,100,1000,9788,1.71999999999991,11,8.59358739171024,0.68995083907152,NA,NA,NA,NA,NA,NA
"original","2.3.2","C:/Users/lysit/Desktop/Tesis igraph/rigraph-main/tesis/lib/igraph_original/igraph","barrido_lfr","LFR mu1_0.05_mu2_0.40 semilla 101","mu1_0.05_mu2_0.40",0.05,0.4,101,101,4,100,1000,9788,1.65999999999997,11,8.59358739171024,0.68995083907152,NA,NA,NA,NA,NA,NA
"original","2.3.2","C:/Users/lysit/Desktop/Tesis igraph/rigraph-main/tesis/lib/igraph_original/igraph","barrido_lfr","LFR mu1_0.05_mu2_0.40 semilla 101","mu1_0.05_mu2_0.40",0.05,0.4,101,101,5,100,1000,9788,1.70000000000005,11,8.59358739171024,0.68995083907152,NA,NA,NA,NA,NA,NA
"original","2.3.2","C:/Users/lysit/Desktop/Tesis igraph/rigraph-main/tesis/lib/igraph_original/igraph","barrido_lfr","LFR mu1_0.05_mu2_0.40 semilla 202","mu1_0.05_mu2_0.40",0.05,0.4,202,202,1,100,1000,9808,1.51999999999998,12,8.55720487213233,0.692187709986055,NA,NA,NA,NA,NA,NA
"original","2.3.2","C:/Users/lysit/Desktop/Tesis igraph/rigraph-main/tesis/lib/igraph_original/igraph","barrido_lfr","LFR mu1_0.05_mu2_0.40 semilla 202","mu1_0.05_mu2_0.40",0.05,0.4,202,202,2,100,1000,9808,1.57000000000005,12,8.55720487213233,0.692187709986055,NA,NA,NA,NA,NA,NA
"original","2.3.2","C:/Users/lysit/Desktop/Tesis igraph/rigraph-main/tesis/lib/igraph_original/igraph","barrido_lfr","LFR mu1_0.05_mu2_0.40 semilla 202","mu1_0.05_mu2_0.40",0.05,0.4,202,202,3,100,1000,9808,1.64999999999998,12,8.55720487213233,0.692187709986055,NA,NA,NA,NA,NA,NA
"original","2.3.2","C:/Users/lysit/Desktop/Tesis igraph/rigraph-main/tesis/lib/igraph_original/igraph","barrido_lfr","LFR mu1_0.05_mu2_0.40 semilla 202","mu1_0.05_mu2_0.40",0.05,0.4,202,202,4,100,1000,9808,1.60000000000002,12,8.55720487213233,0.692187709986055,NA,NA,NA,NA,NA,NA
"original","2.3.2","C:/Users/lysit/Desktop/Tesis igraph/rigraph-main/tesis/lib/igraph_original/igraph","barrido_lfr","LFR mu1_0.05_mu2_0.40 semilla 202","mu1_0.05_mu2_0.40",0.05,0.4,202,202,5,100,1000,9808,1.59000000000003,12,8.55720487213233,0.692187709986055,NA,NA,NA,NA,NA,NA
"original","2.3.2","C:/Users/lysit/Desktop/Tesis igraph/rigraph-main/tesis/lib/igraph_original/igraph","barrido_lfr","LFR mu1_0.05_mu2_0.40 semilla 303","mu1_0.05_mu2_0.40",0.05,0.4,303,303,1,100,1000,9876,1.70000000000005,12,8.58319101685287,0.689273433466848,NA,NA,NA,NA,NA,NA
"original","2.3.2","C:/Users/lysit/Desktop/Tesis igraph/rigraph-main/tesis/lib/igraph_original/igraph","barrido_lfr","LFR mu1_0.05_mu2_0.40 semilla 303","mu1_0.05_mu2_0.40",0.05,0.4,303,303,2,100,1000,9876,1.76999999999998,12,8.58319101685287,0.689273433466848,NA,NA,NA,NA,NA,NA
"original","2.3.2","C:/Users/lysit/Desktop/Tesis igraph/rigraph-main/tesis/lib/igraph_original/igraph","barrido_lfr","LFR mu1_0.05_mu2_0.40 semilla 303","mu1_0.05_mu2_0.40",0.05,0.4,303,303,3,100,1000,9876,1.83000000000004,12,8.58319101685287,0.689273433466848,NA,NA,NA,NA,NA,NA
"original","2.3.2","C:/Users/lysit/Desktop/Tesis igraph/rigraph-main/tesis/lib/igraph_original/igraph","barrido_lfr","LFR mu1_0.05_mu2_0.40 semilla 303","mu1_0.05_mu2_0.40",0.05,0.4,303,303,4,100,1000,9876,1.81000000000006,12,8.58319101685287,0.689273433466848,NA,NA,NA,NA,NA,NA
"original","2.3.2","C:/Users/lysit/Desktop/Tesis igraph/rigraph-main/tesis/lib/igraph_original/igraph","barrido_lfr","LFR mu1_0.05_mu2_0.40 semilla 303","mu1_0.05_mu2_0.40",0.05,0.4,303,303,5,100,1000,9876,1.78000000000009,12,8.58319101685287,0.689273433466848,NA,NA,NA,NA,NA,NA
"original","2.3.2","C:/Users/lysit/Desktop/Tesis igraph/rigraph-main/tesis/lib/igraph_original/igraph","barrido_lfr","LFR mu1_0.10_mu2_0.20 semilla 101","mu1_0.10_mu2_0.20",0.1,0.2,101,101,1,100,1000,9657,1.38999999999999,29,8.13271290403527,0.672635217299977,NA,NA,NA,NA,NA,NA
"original","2.3.2","C:/Users/lysit/Desktop/Tesis igraph/rigraph-main/tesis/lib/igraph_original/igraph","barrido_lfr","LFR mu1_0.10_mu2_0.20 semilla 101","mu1_0.10_mu2_0.20",0.1,0.2,101,101,2,100,1000,9657,1.43999999999994,29,8.13271290403527,0.672635217299977,NA,NA,NA,NA,NA,NA
"original","2.3.2","C:/Users/lysit/Desktop/Tesis igraph/rigraph-main/tesis/lib/igraph_original/igraph","barrido_lfr","LFR mu1_0.10_mu2_0.20 semilla 101","mu1_0.10_mu2_0.20",0.1,0.2,101,101,3,100,1000,9657,1.53999999999996,29,8.13271290403527,0.672635217299977,NA,NA,NA,NA,NA,NA
"original","2.3.2","C:/Users/lysit/Desktop/Tesis igraph/rigraph-main/tesis/lib/igraph_original/igraph","barrido_lfr","LFR mu1_0.10_mu2_0.20 semilla 101","mu1_0.10_mu2_0.20",0.1,0.2,101,101,4,100,1000,9657,1.43999999999994,29,8.13271290403527,0.672635217299977,NA,NA,NA,NA,NA,NA
"original","2.3.2","C:/Users/lysit/Desktop/Tesis igraph/rigraph-main/tesis/lib/igraph_original/igraph","barrido_lfr","LFR mu1_0.10_mu2_0.20 semilla 101","mu1_0.10_mu2_0.20",0.1,0.2,101,101,5,100,1000,9657,1.43999999999994,29,8.13271290403527,0.672635217299977,NA,NA,NA,NA,NA,NA
"original","2.3.2","C:/Users/lysit/Desktop/Tesis igraph/rigraph-main/tesis/lib/igraph_original/igraph","barrido_lfr","LFR mu1_0.10_mu2_0.20 semilla 202","mu1_0.10_mu2_0.20",0.1,0.2,202,202,1,100,1000,9472,1.38999999999999,30,8.1536245343428,0.661509316711203,NA,NA,NA,NA,NA,NA
"original","2.3.2","C:/Users/lysit/Desktop/Tesis igraph/rigraph-main/tesis/lib/igraph_original/igraph","barrido_lfr","LFR mu1_0.10_mu2_0.20 semilla 202","mu1_0.10_mu2_0.20",0.1,0.2,202,202,2,100,1000,9472,1.43000000000006,30,8.1536245343428,0.661509316711203,NA,NA,NA,NA,NA,NA
"original","2.3.2","C:/Users/lysit/Desktop/Tesis igraph/rigraph-main/tesis/lib/igraph_original/igraph","barrido_lfr","LFR mu1_0.10_mu2_0.20 semilla 202","mu1_0.10_mu2_0.20",0.1,0.2,202,202,3,100,1000,9472,1.39999999999998,30,8.1536245343428,0.661509316711203,NA,NA,NA,NA,NA,NA
"original","2.3.2","C:/Users/lysit/Desktop/Tesis igraph/rigraph-main/tesis/lib/igraph_original/igraph","barrido_lfr","LFR mu1_0.10_mu2_0.20 semilla 202","mu1_0.10_mu2_0.20",0.1,0.2,202,202,4,100,1000,9472,1.47000000000003,30,8.1536245343428,0.661509316711203,NA,NA,NA,NA,NA,NA
"original","2.3.2","C:/Users/lysit/Desktop/Tesis igraph/rigraph-main/tesis/lib/igraph_original/igraph","barrido_lfr","LFR mu1_0.10_mu2_0.20 semilla 202","mu1_0.10_mu2_0.20",0.1,0.2,202,202,5,100,1000,9472,1.40999999999997,30,8.1536245343428,0.661509316711203,NA,NA,NA,NA,NA,NA
"original","2.3.2","C:/Users/lysit/Desktop/Tesis igraph/rigraph-main/tesis/lib/igraph_original/igraph","barrido_lfr","LFR mu1_0.10_mu2_0.20 semilla 303","mu1_0.10_mu2_0.20",0.1,0.2,303,303,1,100,1000,9688,1.32999999999993,28,8.20347610049439,0.660373843521504,NA,NA,NA,NA,NA,NA
"original","2.3.2","C:/Users/lysit/Desktop/Tesis igraph/rigraph-main/tesis/lib/igraph_original/igraph","barrido_lfr","LFR mu1_0.10_mu2_0.20 semilla 303","mu1_0.10_mu2_0.20",0.1,0.2,303,303,2,100,1000,9688,1.48000000000002,28,8.20347610049439,0.660373843521504,NA,NA,NA,NA,NA,NA
"original","2.3.2","C:/Users/lysit/Desktop/Tesis igraph/rigraph-main/tesis/lib/igraph_original/igraph","barrido_lfr","LFR mu1_0.10_mu2_0.20 semilla 303","mu1_0.10_mu2_0.20",0.1,0.2,303,303,3,100,1000,9688,1.47000000000003,28,8.20347610049439,0.660373843521504,NA,NA,NA,NA,NA,NA
"original","2.3.2","C:/Users/lysit/Desktop/Tesis igraph/rigraph-main/tesis/lib/igraph_original/igraph","barrido_lfr","LFR mu1_0.10_mu2_0.20 semilla 303","mu1_0.10_mu2_0.20",0.1,0.2,303,303,4,100,1000,9688,1.42000000000007,28,8.20347610049439,0.660373843521504,NA,NA,NA,NA,NA,NA
"original","2.3.2","C:/Users/lysit/Desktop/Tesis igraph/rigraph-main/tesis/lib/igraph_original/igraph","barrido_lfr","LFR mu1_0.10_mu2_0.20 semilla 303","mu1_0.10_mu2_0.20",0.1,0.2,303,303,5,100,1000,9688,1.47000000000003,28,8.20347610049439,0.660373843521504,NA,NA,NA,NA,NA,NA
"original","2.3.2","C:/Users/lysit/Desktop/Tesis igraph/rigraph-main/tesis/lib/igraph_original/igraph","barrido_lfr","LFR mu1_0.10_mu2_0.30 semilla 101","mu1_0.10_mu2_0.30",0.1,0.3,101,101,1,100,1000,9907,1.63999999999999,23,8.61281368720361,0.61791126640979,NA,NA,NA,NA,NA,NA
"original","2.3.2","C:/Users/lysit/Desktop/Tesis igraph/rigraph-main/tesis/lib/igraph_original/igraph","barrido_lfr","LFR mu1_0.10_mu2_0.30 semilla 101","mu1_0.10_mu2_0.30",0.1,0.3,101,101,2,100,1000,9907,1.77999999999997,23,8.61281368720361,0.61791126640979,NA,NA,NA,NA,NA,NA
"original","2.3.2","C:/Users/lysit/Desktop/Tesis igraph/rigraph-main/tesis/lib/igraph_original/igraph","barrido_lfr","LFR mu1_0.10_mu2_0.30 semilla 101","mu1_0.10_mu2_0.30",0.1,0.3,101,101,3,100,1000,9907,1.67000000000007,23,8.61281368720361,0.61791126640979,NA,NA,NA,NA,NA,NA
"original","2.3.2","C:/Users/lysit/Desktop/Tesis igraph/rigraph-main/tesis/lib/igraph_original/igraph","barrido_lfr","LFR mu1_0.10_mu2_0.30 semilla 101","mu1_0.10_mu2_0.30",0.1,0.3,101,101,4,100,1000,9907,1.67000000000007,23,8.61281368720361,0.61791126640979,NA,NA,NA,NA,NA,NA
"original","2.3.2","C:/Users/lysit/Desktop/Tesis igraph/rigraph-main/tesis/lib/igraph_original/igraph","barrido_lfr","LFR mu1_0.10_mu2_0.30 semilla 101","mu1_0.10_mu2_0.30",0.1,0.3,101,101,5,100,1000,9907,1.78000000000009,23,8.61281368720361,0.61791126640979,NA,NA,NA,NA,NA,NA
"original","2.3.2","C:/Users/lysit/Desktop/Tesis igraph/rigraph-main/tesis/lib/igraph_original/igraph","barrido_lfr","LFR mu1_0.10_mu2_0.30 semilla 202","mu1_0.10_mu2_0.30",0.1,0.3,202,202,1,100,1000,9674,1.63,19,8.6038714438149,0.648101116877436,NA,NA,NA,NA,NA,NA
"original","2.3.2","C:/Users/lysit/Desktop/Tesis igraph/rigraph-main/tesis/lib/igraph_original/igraph","barrido_lfr","LFR mu1_0.10_mu2_0.30 semilla 202","mu1_0.10_mu2_0.30",0.1,0.3,202,202,2,100,1000,9674,1.72000000000003,19,8.6038714438149,0.648101116877436,NA,NA,NA,NA,NA,NA
"original","2.3.2","C:/Users/lysit/Desktop/Tesis igraph/rigraph-main/tesis/lib/igraph_original/igraph","barrido_lfr","LFR mu1_0.10_mu2_0.30 semilla 202","mu1_0.10_mu2_0.30",0.1,0.3,202,202,3,100,1000,9674,1.68999999999994,19,8.6038714438149,0.648101116877436,NA,NA,NA,NA,NA,NA
"original","2.3.2","C:/Users/lysit/Desktop/Tesis igraph/rigraph-main/tesis/lib/igraph_original/igraph","barrido_lfr","LFR mu1_0.10_mu2_0.30 semilla 202","mu1_0.10_mu2_0.30",0.1,0.3,202,202,4,100,1000,9674,1.72000000000003,19,8.6038714438149,0.648101116877436,NA,NA,NA,NA,NA,NA
"original","2.3.2","C:/Users/lysit/Desktop/Tesis igraph/rigraph-main/tesis/lib/igraph_original/igraph","barrido_lfr","LFR mu1_0.10_mu2_0.30 semilla 202","mu1_0.10_mu2_0.30",0.1,0.3,202,202,5,100,1000,9674,1.73000000000002,19,8.6038714438149,0.648101116877436,NA,NA,NA,NA,NA,NA
"original","2.3.2","C:/Users/lysit/Desktop/Tesis igraph/rigraph-main/tesis/lib/igraph_original/igraph","barrido_lfr","LFR mu1_0.10_mu2_0.30 semilla 303","mu1_0.10_mu2_0.30",0.1,0.3,303,303,1,100,1000,10224,1.59000000000003,17,8.62899920580666,0.645065335009098,NA,NA,NA,NA,NA,NA
"original","2.3.2","C:/Users/lysit/Desktop/Tesis igraph/rigraph-main/tesis/lib/igraph_original/igraph","barrido_lfr","LFR mu1_0.10_mu2_0.30 semilla 303","mu1_0.10_mu2_0.30",0.1,0.3,303,303,2,100,1000,10224,1.73000000000002,17,8.62899920580666,0.645065335009098,NA,NA,NA,NA,NA,NA
"original","2.3.2","C:/Users/lysit/Desktop/Tesis igraph/rigraph-main/tesis/lib/igraph_original/igraph","barrido_lfr","LFR mu1_0.10_mu2_0.30 semilla 303","mu1_0.10_mu2_0.30",0.1,0.3,303,303,3,100,1000,10224,1.65999999999997,17,8.62899920580666,0.645065335009098,NA,NA,NA,NA,NA,NA
"original","2.3.2","C:/Users/lysit/Desktop/Tesis igraph/rigraph-main/tesis/lib/igraph_original/igraph","barrido_lfr","LFR mu1_0.10_mu2_0.30 semilla 303","mu1_0.10_mu2_0.30",0.1,0.3,303,303,4,100,1000,10224,1.66999999999996,17,8.62899920580666,0.645065335009098,NA,NA,NA,NA,NA,NA
"original","2.3.2","C:/Users/lysit/Desktop/Tesis igraph/rigraph-main/tesis/lib/igraph_original/igraph","barrido_lfr","LFR mu1_0.10_mu2_0.30 semilla 303","mu1_0.10_mu2_0.30",0.1,0.3,303,303,5,100,1000,10224,1.75,17,8.62899920580666,0.645065335009098,NA,NA,NA,NA,NA,NA
"original","2.3.2","C:/Users/lysit/Desktop/Tesis igraph/rigraph-main/tesis/lib/igraph_original/igraph","barrido_lfr","LFR mu1_0.10_mu2_0.40 semilla 101","mu1_0.10_mu2_0.40",0.1,0.4,101,101,1,100,1000,9906,1.81000000000006,5,8.82223878891999,0.686431539858477,NA,NA,NA,NA,NA,NA
"original","2.3.2","C:/Users/lysit/Desktop/Tesis igraph/rigraph-main/tesis/lib/igraph_original/igraph","barrido_lfr","LFR mu1_0.10_mu2_0.40 semilla 101","mu1_0.10_mu2_0.40",0.1,0.4,101,101,2,100,1000,9906,1.96000000000004,5,8.82223878891999,0.686431539858477,NA,NA,NA,NA,NA,NA
"original","2.3.2","C:/Users/lysit/Desktop/Tesis igraph/rigraph-main/tesis/lib/igraph_original/igraph","barrido_lfr","LFR mu1_0.10_mu2_0.40 semilla 101","mu1_0.10_mu2_0.40",0.1,0.4,101,101,3,100,1000,9906,1.88,5,8.82223878891999,0.686431539858477,NA,NA,NA,NA,NA,NA
"original","2.3.2","C:/Users/lysit/Desktop/Tesis igraph/rigraph-main/tesis/lib/igraph_original/igraph","barrido_lfr","LFR mu1_0.10_mu2_0.40 semilla 101","mu1_0.10_mu2_0.40",0.1,0.4,101,101,4,100,1000,9906,1.94000000000005,5,8.82223878891999,0.686431539858477,NA,NA,NA,NA,NA,NA
"original","2.3.2","C:/Users/lysit/Desktop/Tesis igraph/rigraph-main/tesis/lib/igraph_original/igraph","barrido_lfr","LFR mu1_0.10_mu2_0.40 semilla 101","mu1_0.10_mu2_0.40",0.1,0.4,101,101,5,100,1000,9906,1.87,5,8.82223878891999,0.686431539858477,NA,NA,NA,NA,NA,NA
"original","2.3.2","C:/Users/lysit/Desktop/Tesis igraph/rigraph-main/tesis/lib/igraph_original/igraph","barrido_lfr","LFR mu1_0.10_mu2_0.40 semilla 202","mu1_0.10_mu2_0.40",0.1,0.4,202,202,1,100,1000,9560,2,13,8.78912771713597,0.64106006875755,NA,NA,NA,NA,NA,NA
"original","2.3.2","C:/Users/lysit/Desktop/Tesis igraph/rigraph-main/tesis/lib/igraph_original/igraph","barrido_lfr","LFR mu1_0.10_mu2_0.40 semilla 202","mu1_0.10_mu2_0.40",0.1,0.4,202,202,2,100,1000,9560,1.95999999999992,13,8.78912771713597,0.64106006875755,NA,NA,NA,NA,NA,NA
"original","2.3.2","C:/Users/lysit/Desktop/Tesis igraph/rigraph-main/tesis/lib/igraph_original/igraph","barrido_lfr","LFR mu1_0.10_mu2_0.40 semilla 202","mu1_0.10_mu2_0.40",0.1,0.4,202,202,3,100,1000,9560,2.06999999999994,13,8.78912771713597,0.64106006875755,NA,NA,NA,NA,NA,NA
"original","2.3.2","C:/Users/lysit/Desktop/Tesis igraph/rigraph-main/tesis/lib/igraph_original/igraph","barrido_lfr","LFR mu1_0.10_mu2_0.40 semilla 202","mu1_0.10_mu2_0.40",0.1,0.4,202,202,4,100,1000,9560,1.94000000000005,13,8.78912771713597,0.64106006875755,NA,NA,NA,NA,NA,NA
"original","2.3.2","C:/Users/lysit/Desktop/Tesis igraph/rigraph-main/tesis/lib/igraph_original/igraph","barrido_lfr","LFR mu1_0.10_mu2_0.40 semilla 202","mu1_0.10_mu2_0.40",0.1,0.4,202,202,5,100,1000,9560,1.97000000000003,13,8.78912771713597,0.64106006875755,NA,NA,NA,NA,NA,NA
"original","2.3.2","C:/Users/lysit/Desktop/Tesis igraph/rigraph-main/tesis/lib/igraph_original/igraph","barrido_lfr","LFR mu1_0.10_mu2_0.40 semilla 303","mu1_0.10_mu2_0.40",0.1,0.4,303,303,1,100,1000,9877,1.86000000000001,11,8.82508039047639,0.64174360325022,NA,NA,NA,NA,NA,NA
"original","2.3.2","C:/Users/lysit/Desktop/Tesis igraph/rigraph-main/tesis/lib/igraph_original/igraph","barrido_lfr","LFR mu1_0.10_mu2_0.40 semilla 303","mu1_0.10_mu2_0.40",0.1,0.4,303,303,2,100,1000,9877,1.9899999999999,11,8.82508039047639,0.64174360325022,NA,NA,NA,NA,NA,NA
"original","2.3.2","C:/Users/lysit/Desktop/Tesis igraph/rigraph-main/tesis/lib/igraph_original/igraph","barrido_lfr","LFR mu1_0.10_mu2_0.40 semilla 303","mu1_0.10_mu2_0.40",0.1,0.4,303,303,3,100,1000,9877,1.92000000000007,11,8.82508039047639,0.64174360325022,NA,NA,NA,NA,NA,NA
"original","2.3.2","C:/Users/lysit/Desktop/Tesis igraph/rigraph-main/tesis/lib/igraph_original/igraph","barrido_lfr","LFR mu1_0.10_mu2_0.40 semilla 303","mu1_0.10_mu2_0.40",0.1,0.4,303,303,4,100,1000,9877,1.88999999999999,11,8.82508039047639,0.64174360325022,NA,NA,NA,NA,NA,NA
"original","2.3.2","C:/Users/lysit/Desktop/Tesis igraph/rigraph-main/tesis/lib/igraph_original/igraph","barrido_lfr","LFR mu1_0.10_mu2_0.40 semilla 303","mu1_0.10_mu2_0.40",0.1,0.4,303,303,5,100,1000,9877,2.01999999999998,11,8.82508039047639,0.64174360325022,NA,NA,NA,NA,NA,NA
"original","2.3.2","C:/Users/lysit/Desktop/Tesis igraph/rigraph-main/tesis/lib/igraph_original/igraph","barrido_lfr","LFR mu1_0.20_mu2_0.20 semilla 101","mu1_0.20_mu2_0.20",0.2,0.2,101,101,1,100,1000,9918,1.72000000000003,29,8.66848287558236,0.57764484461229,NA,NA,NA,NA,NA,NA
"original","2.3.2","C:/Users/lysit/Desktop/Tesis igraph/rigraph-main/tesis/lib/igraph_original/igraph","barrido_lfr","LFR mu1_0.20_mu2_0.20 semilla 101","mu1_0.20_mu2_0.20",0.2,0.2,101,101,2,100,1000,9918,1.86000000000001,29,8.66848287558236,0.57764484461229,NA,NA,NA,NA,NA,NA
"original","2.3.2","C:/Users/lysit/Desktop/Tesis igraph/rigraph-main/tesis/lib/igraph_original/igraph","barrido_lfr","LFR mu1_0.20_mu2_0.20 semilla 101","mu1_0.20_mu2_0.20",0.2,0.2,101,101,3,100,1000,9918,1.79999999999995,29,8.66848287558236,0.57764484461229,NA,NA,NA,NA,NA,NA
"original","2.3.2","C:/Users/lysit/Desktop/Tesis igraph/rigraph-main/tesis/lib/igraph_original/igraph","barrido_lfr","LFR mu1_0.20_mu2_0.20 semilla 101","mu1_0.20_mu2_0.20",0.2,0.2,101,101,4,100,1000,9918,1.90999999999997,29,8.66848287558236,0.57764484461229,NA,NA,NA,NA,NA,NA
"original","2.3.2","C:/Users/lysit/Desktop/Tesis igraph/rigraph-main/tesis/lib/igraph_original/igraph","barrido_lfr","LFR mu1_0.20_mu2_0.20 semilla 101","mu1_0.20_mu2_0.20",0.2,0.2,101,101,5,100,1000,9918,1.79999999999995,29,8.66848287558236,0.57764484461229,NA,NA,NA,NA,NA,NA
"original","2.3.2","C:/Users/lysit/Desktop/Tesis igraph/rigraph-main/tesis/lib/igraph_original/igraph","barrido_lfr","LFR mu1_0.20_mu2_0.20 semilla 202","mu1_0.20_mu2_0.20",0.2,0.2,202,202,1,100,1000,10014,1.90999999999997,28,8.73786607577918,0.560766654265415,NA,NA,NA,NA,NA,NA
"original","2.3.2","C:/Users/lysit/Desktop/Tesis igraph/rigraph-main/tesis/lib/igraph_original/igraph","barrido_lfr","LFR mu1_0.20_mu2_0.20 semilla 202","mu1_0.20_mu2_0.20",0.2,0.2,202,202,2,100,1000,10014,1.86000000000001,28,8.73786607577918,0.560766654265415,NA,NA,NA,NA,NA,NA
"original","2.3.2","C:/Users/lysit/Desktop/Tesis igraph/rigraph-main/tesis/lib/igraph_original/igraph","barrido_lfr","LFR mu1_0.20_mu2_0.20 semilla 202","mu1_0.20_mu2_0.20",0.2,0.2,202,202,3,100,1000,10014,1.86000000000001,28,8.73786607577918,0.560766654265415,NA,NA,NA,NA,NA,NA
"original","2.3.2","C:/Users/lysit/Desktop/Tesis igraph/rigraph-main/tesis/lib/igraph_original/igraph","barrido_lfr","LFR mu1_0.20_mu2_0.20 semilla 202","mu1_0.20_mu2_0.20",0.2,0.2,202,202,4,100,1000,10014,1.90999999999997,28,8.73786607577918,0.560766654265415,NA,NA,NA,NA,NA,NA
"original","2.3.2","C:/Users/lysit/Desktop/Tesis igraph/rigraph-main/tesis/lib/igraph_original/igraph","barrido_lfr","LFR mu1_0.20_mu2_0.20 semilla 202","mu1_0.20_mu2_0.20",0.2,0.2,202,202,5,100,1000,10014,1.91999999999996,28,8.73786607577918,0.560766654265415,NA,NA,NA,NA,NA,NA
"original","2.3.2","C:/Users/lysit/Desktop/Tesis igraph/rigraph-main/tesis/lib/igraph_original/igraph","barrido_lfr","LFR mu1_0.20_mu2_0.20 semilla 303","mu1_0.20_mu2_0.20",0.2,0.2,303,303,1,100,1000,9632,1.93999999999994,24,8.78237641351711,0.574476646962023,NA,NA,NA,NA,NA,NA
"original","2.3.2","C:/Users/lysit/Desktop/Tesis igraph/rigraph-main/tesis/lib/igraph_original/igraph","barrido_lfr","LFR mu1_0.20_mu2_0.20 semilla 303","mu1_0.20_mu2_0.20",0.2,0.2,303,303,2,100,1000,9632,1.94999999999993,24,8.78237641351711,0.574476646962023,NA,NA,NA,NA,NA,NA
"original","2.3.2","C:/Users/lysit/Desktop/Tesis igraph/rigraph-main/tesis/lib/igraph_original/igraph","barrido_lfr","LFR mu1_0.20_mu2_0.20 semilla 303","mu1_0.20_mu2_0.20",0.2,0.2,303,303,3,100,1000,9632,2.06999999999994,24,8.78237641351711,0.574476646962023,NA,NA,NA,NA,NA,NA
"original","2.3.2","C:/Users/lysit/Desktop/Tesis igraph/rigraph-main/tesis/lib/igraph_original/igraph","barrido_lfr","LFR mu1_0.20_mu2_0.20 semilla 303","mu1_0.20_mu2_0.20",0.2,0.2,303,303,4,100,1000,9632,1.95000000000005,24,8.78237641351711,0.574476646962023,NA,NA,NA,NA,NA,NA
"original","2.3.2","C:/Users/lysit/Desktop/Tesis igraph/rigraph-main/tesis/lib/igraph_original/igraph","barrido_lfr","LFR mu1_0.20_mu2_0.20 semilla 303","mu1_0.20_mu2_0.20",0.2,0.2,303,303,5,100,1000,9632,1.99000000000001,24,8.78237641351711,0.574476646962023,NA,NA,NA,NA,NA,NA
"original","2.3.2","C:/Users/lysit/Desktop/Tesis igraph/rigraph-main/tesis/lib/igraph_original/igraph","barrido_lfr","LFR mu1_0.20_mu2_0.30 semilla 101","mu1_0.20_mu2_0.30",0.2,0.3,101,101,1,100,1000,9608,2.37,19,9.09533263589408,0.545174823740069,NA,NA,NA,NA,NA,NA
"original","2.3.2","C:/Users/lysit/Desktop/Tesis igraph/rigraph-main/tesis/lib/igraph_original/igraph","barrido_lfr","LFR mu1_0.20_mu2_0.30 semilla 101","mu1_0.20_mu2_0.30",0.2,0.3,101,101,2,100,1000,9608,2.37,19,9.09533263589408,0.545174823740069,NA,NA,NA,NA,NA,NA
"original","2.3.2","C:/Users/lysit/Desktop/Tesis igraph/rigraph-main/tesis/lib/igraph_original/igraph","barrido_lfr","LFR mu1_0.20_mu2_0.30 semilla 101","mu1_0.20_mu2_0.30",0.2,0.3,101,101,3,100,1000,9608,2.38999999999999,19,9.09533263589408,0.545174823740069,NA,NA,NA,NA,NA,NA
"original","2.3.2","C:/Users/lysit/Desktop/Tesis igraph/rigraph-main/tesis/lib/igraph_original/igraph","barrido_lfr","LFR mu1_0.20_mu2_0.30 semilla 101","mu1_0.20_mu2_0.30",0.2,0.3,101,101,4,100,1000,9608,2.39999999999998,19,9.09533263589408,0.545174823740069,NA,NA,NA,NA,NA,NA
"original","2.3.2","C:/Users/lysit/Desktop/Tesis igraph/rigraph-main/tesis/lib/igraph_original/igraph","barrido_lfr","LFR mu1_0.20_mu2_0.30 semilla 101","mu1_0.20_mu2_0.30",0.2,0.3,101,101,5,100,1000,9608,2.37,19,9.09533263589408,0.545174823740069,NA,NA,NA,NA,NA,NA
"original","2.3.2","C:/Users/lysit/Desktop/Tesis igraph/rigraph-main/tesis/lib/igraph_original/igraph","barrido_lfr","LFR mu1_0.20_mu2_0.30 semilla 202","mu1_0.20_mu2_0.30",0.2,0.3,202,202,1,100,1000,9685,2.14999999999998,13,9.09617760351277,0.574786524089085,NA,NA,NA,NA,NA,NA
"original","2.3.2","C:/Users/lysit/Desktop/Tesis igraph/rigraph-main/tesis/lib/igraph_original/igraph","barrido_lfr","LFR mu1_0.20_mu2_0.30 semilla 202","mu1_0.20_mu2_0.30",0.2,0.3,202,202,2,100,1000,9685,2.29999999999995,13,9.09617760351277,0.574786524089085,NA,NA,NA,NA,NA,NA
"original","2.3.2","C:/Users/lysit/Desktop/Tesis igraph/rigraph-main/tesis/lib/igraph_original/igraph","barrido_lfr","LFR mu1_0.20_mu2_0.30 semilla 202","mu1_0.20_mu2_0.30",0.2,0.3,202,202,3,100,1000,9685,2.20000000000005,13,9.09617760351277,0.574786524089085,NA,NA,NA,NA,NA,NA
"original","2.3.2","C:/Users/lysit/Desktop/Tesis igraph/rigraph-main/tesis/lib/igraph_original/igraph","barrido_lfr","LFR mu1_0.20_mu2_0.30 semilla 202","mu1_0.20_mu2_0.30",0.2,0.3,202,202,4,100,1000,9685,2.32000000000005,13,9.09617760351277,0.574786524089085,NA,NA,NA,NA,NA,NA
"original","2.3.2","C:/Users/lysit/Desktop/Tesis igraph/rigraph-main/tesis/lib/igraph_original/igraph","barrido_lfr","LFR mu1_0.20_mu2_0.30 semilla 202","mu1_0.20_mu2_0.30",0.2,0.3,202,202,5,100,1000,9685,2.21999999999991,13,9.09617760351277,0.574786524089085,NA,NA,NA,NA,NA,NA
"original","2.3.2","C:/Users/lysit/Desktop/Tesis igraph/rigraph-main/tesis/lib/igraph_original/igraph","barrido_lfr","LFR mu1_0.20_mu2_0.30 semilla 303","mu1_0.20_mu2_0.30",0.2,0.3,303,303,1,100,1000,9792,2.49000000000001,20,9.06441427706678,0.548547752817426,NA,NA,NA,NA,NA,NA
"original","2.3.2","C:/Users/lysit/Desktop/Tesis igraph/rigraph-main/tesis/lib/igraph_original/igraph","barrido_lfr","LFR mu1_0.20_mu2_0.30 semilla 303","mu1_0.20_mu2_0.30",0.2,0.3,303,303,2,100,1000,9792,2.64999999999998,20,9.06441427706678,0.548547752817426,NA,NA,NA,NA,NA,NA
"original","2.3.2","C:/Users/lysit/Desktop/Tesis igraph/rigraph-main/tesis/lib/igraph_original/igraph","barrido_lfr","LFR mu1_0.20_mu2_0.30 semilla 303","mu1_0.20_mu2_0.30",0.2,0.3,303,303,3,100,1000,9792,2.54999999999995,20,9.06441427706678,0.548547752817426,NA,NA,NA,NA,NA,NA
"original","2.3.2","C:/Users/lysit/Desktop/Tesis igraph/rigraph-main/tesis/lib/igraph_original/igraph","barrido_lfr","LFR mu1_0.20_mu2_0.30 semilla 303","mu1_0.20_mu2_0.30",0.2,0.3,303,303,4,100,1000,9792,2.57000000000005,20,9.06441427706678,0.548547752817426,NA,NA,NA,NA,NA,NA
"original","2.3.2","C:/Users/lysit/Desktop/Tesis igraph/rigraph-main/tesis/lib/igraph_original/igraph","barrido_lfr","LFR mu1_0.20_mu2_0.30 semilla 303","mu1_0.20_mu2_0.30",0.2,0.3,303,303,5,100,1000,9792,2.53000000000009,20,9.06441427706678,0.548547752817426,NA,NA,NA,NA,NA,NA
"original","2.3.2","C:/Users/lysit/Desktop/Tesis igraph/rigraph-main/tesis/lib/igraph_original/igraph","barrido_lfr","LFR mu1_0.20_mu2_0.40 semilla 101","mu1_0.20_mu2_0.40",0.2,0.4,101,101,1,100,1000,9847,2.4799999999999,5,9.21300725638479,0.588539208641066,NA,NA,NA,NA,NA,NA
"original","2.3.2","C:/Users/lysit/Desktop/Tesis igraph/rigraph-main/tesis/lib/igraph_original/igraph","barrido_lfr","LFR mu1_0.20_mu2_0.40 semilla 101","mu1_0.20_mu2_0.40",0.2,0.4,101,101,2,100,1000,9847,2.62,5,9.21300725638479,0.588539208641066,NA,NA,NA,NA,NA,NA
"original","2.3.2","C:/Users/lysit/Desktop/Tesis igraph/rigraph-main/tesis/lib/igraph_original/igraph","barrido_lfr","LFR mu1_0.20_mu2_0.40 semilla 101","mu1_0.20_mu2_0.40",0.2,0.4,101,101,3,100,1000,9847,2.59000000000003,5,9.21300725638479,0.588539208641066,NA,NA,NA,NA,NA,NA
"original","2.3.2","C:/Users/lysit/Desktop/Tesis igraph/rigraph-main/tesis/lib/igraph_original/igraph","barrido_lfr","LFR mu1_0.20_mu2_0.40 semilla 101","mu1_0.20_mu2_0.40",0.2,0.4,101,101,4,100,1000,9847,2.63999999999999,5,9.21300725638479,0.588539208641066,NA,NA,NA,NA,NA,NA
"original","2.3.2","C:/Users/lysit/Desktop/Tesis igraph/rigraph-main/tesis/lib/igraph_original/igraph","barrido_lfr","LFR mu1_0.20_mu2_0.40 semilla 101","mu1_0.20_mu2_0.40",0.2,0.4,101,101,5,100,1000,9847,2.52999999999997,5,9.21300725638479,0.588539208641066,NA,NA,NA,NA,NA,NA
"original","2.3.2","C:/Users/lysit/Desktop/Tesis igraph/rigraph-main/tesis/lib/igraph_original/igraph","barrido_lfr","LFR mu1_0.20_mu2_0.40 semilla 202","mu1_0.20_mu2_0.40",0.2,0.4,202,202,1,100,1000,9753,3,5,9.21515548403326,0.588858718897736,NA,NA,NA,NA,NA,NA
"original","2.3.2","C:/Users/lysit/Desktop/Tesis igraph/rigraph-main/tesis/lib/igraph_original/igraph","barrido_lfr","LFR mu1_0.20_mu2_0.40 semilla 202","mu1_0.20_mu2_0.40",0.2,0.4,202,202,2,100,1000,9753,3.03000000000009,5,9.21515548403326,0.588858718897736,NA,NA,NA,NA,NA,NA
"original","2.3.2","C:/Users/lysit/Desktop/Tesis igraph/rigraph-main/tesis/lib/igraph_original/igraph","barrido_lfr","LFR mu1_0.20_mu2_0.40 semilla 202","mu1_0.20_mu2_0.40",0.2,0.4,202,202,3,100,1000,9753,3.1099999999999,5,9.21515548403326,0.588858718897736,NA,NA,NA,NA,NA,NA
"original","2.3.2","C:/Users/lysit/Desktop/Tesis igraph/rigraph-main/tesis/lib/igraph_original/igraph","barrido_lfr","LFR mu1_0.20_mu2_0.40 semilla 202","mu1_0.20_mu2_0.40",0.2,0.4,202,202,4,100,1000,9753,3.01999999999998,5,9.21515548403326,0.588858718897736,NA,NA,NA,NA,NA,NA
"original","2.3.2","C:/Users/lysit/Desktop/Tesis igraph/rigraph-main/tesis/lib/igraph_original/igraph","barrido_lfr","LFR mu1_0.20_mu2_0.40 semilla 202","mu1_0.20_mu2_0.40",0.2,0.4,202,202,5,100,1000,9753,3.09000000000015,5,9.21515548403326,0.588858718897736,NA,NA,NA,NA,NA,NA
"original","2.3.2","C:/Users/lysit/Desktop/Tesis igraph/rigraph-main/tesis/lib/igraph_original/igraph","barrido_lfr","LFR mu1_0.20_mu2_0.40 semilla 303","mu1_0.20_mu2_0.40",0.2,0.4,303,303,1,100,1000,9717,2.71000000000004,5,9.21700373008919,0.588860242442686,NA,NA,NA,NA,NA,NA
"original","2.3.2","C:/Users/lysit/Desktop/Tesis igraph/rigraph-main/tesis/lib/igraph_original/igraph","barrido_lfr","LFR mu1_0.20_mu2_0.40 semilla 303","mu1_0.20_mu2_0.40",0.2,0.4,303,303,2,100,1000,9717,2.86000000000013,5,9.21700373008919,0.588860242442686,NA,NA,NA,NA,NA,NA
"original","2.3.2","C:/Users/lysit/Desktop/Tesis igraph/rigraph-main/tesis/lib/igraph_original/igraph","barrido_lfr","LFR mu1_0.20_mu2_0.40 semilla 303","mu1_0.20_mu2_0.40",0.2,0.4,303,303,3,100,1000,9717,2.82999999999993,5,9.21700373008919,0.588860242442686,NA,NA,NA,NA,NA,NA
"original","2.3.2","C:/Users/lysit/Desktop/Tesis igraph/rigraph-main/tesis/lib/igraph_original/igraph","barrido_lfr","LFR mu1_0.20_mu2_0.40 semilla 303","mu1_0.20_mu2_0.40",0.2,0.4,303,303,4,100,1000,9717,2.84999999999991,5,9.21700373008919,0.588860242442686,NA,NA,NA,NA,NA,NA
"original","2.3.2","C:/Users/lysit/Desktop/Tesis igraph/rigraph-main/tesis/lib/igraph_original/igraph","barrido_lfr","LFR mu1_0.20_mu2_0.40 semilla 303","mu1_0.20_mu2_0.40",0.2,0.4,303,303,5,100,1000,9717,2.80000000000018,5,9.21700373008919,0.588860242442686,NA,NA,NA,NA,NA,NA
