"configuracion","mu1","mu2","redes","mediciones","aristas_media","tiempo_base_media_s","tiempo_total_media_s","overhead_jerarquia_media_s","overhead_jerarquia_media_pct","overhead_jerarquia_sd_pct","profundidad_maxima","reejecuciones_media"
"mu1_0.05_mu2_0.20","0,05","0,2","3","15","9801,3","1,1987","1,2353","0,0353","2,961","0,691","3","2"
"mu1_0.05_mu2_0.30","0,05","0,3","3","15","9801,3","1,4453","1,4733","0,0267","1,844","0,773","3","2"
"mu1_0.05_mu2_0.40","0,05","0,4","3","15","9824","1,6293","1,6433","0,014","0,859","0,56","2","1"
"mu1_0.10_mu2_0.20","0,1","0,2","3","15","9605,7","1,3833","1,4253","0,042","3,049","1,231","3","2"
"mu1_0.10_mu2_0.30","0,1","0,3","3","15","9935","1,668","1,69","0,022","1,331","0,782","3","1,33"
"mu1_0.10_mu2_0.40","0,1","0,4","3","15","9781","1,872","1,8813","0,0093","0,5","0,383","2","1"
"mu1_0.20_mu2_0.20","0,2","0,2","3","15","9854,7","1,8633","1,8913","0,028","1,509","0,48","2","1"
"mu1_0.20_mu2_0.30","0,2","0,3","3","15","9695","2,364","2,3827","0,0187","0,789","0,423","2","1"
"mu1_0.20_mu2_0.40","0,2","0,4","3","15","9772,3","2,7727","2,7833","0,0107","0,402","0,413","2","1"
