"configuracion","mu1","mu2","misma_micro","modified_top_vs_truth_macro_nmi_n","modified_top_vs_truth_macro_nmi_media","modified_top_vs_truth_macro_nmi_mediana","modified_top_vs_truth_macro_nmi_sd","modified_top_vs_truth_macro_nmi_minimo","modified_top_vs_truth_macro_nmi_maximo","modified_top_vs_truth_macro_ari_n","modified_top_vs_truth_macro_ari_media","modified_top_vs_truth_macro_ari_mediana","modified_top_vs_truth_macro_ari_sd","modified_top_vs_truth_macro_ari_minimo","modified_top_vs_truth_macro_ari_maximo","modified_final_vs_truth_micro_nmi_n","modified_final_vs_truth_micro_nmi_media","modified_final_vs_truth_micro_nmi_mediana","modified_final_vs_truth_micro_nmi_sd","modified_final_vs_truth_micro_nmi_minimo","modified_final_vs_truth_micro_nmi_maximo","modified_final_vs_truth_micro_ari_n","modified_final_vs_truth_micro_ari_media","modified_final_vs_truth_micro_ari_mediana","modified_final_vs_truth_micro_ari_sd","modified_final_vs_truth_micro_ari_minimo","modified_final_vs_truth_micro_ari_maximo","official_top_vs_truth_macro_nmi_n","official_top_vs_truth_macro_nmi_media","official_top_vs_truth_macro_nmi_mediana","official_top_vs_truth_macro_nmi_sd","official_top_vs_truth_macro_nmi_minimo","official_top_vs_truth_macro_nmi_maximo","official_top_vs_truth_macro_ari_n","official_top_vs_truth_macro_ari_media","official_top_vs_truth_macro_ari_mediana","official_top_vs_truth_macro_ari_sd","official_top_vs_truth_macro_ari_minimo","official_top_vs_truth_macro_ari_maximo","official_final_vs_truth_micro_nmi_n","official_final_vs_truth_micro_nmi_media","official_final_vs_truth_micro_nmi_mediana","official_final_vs_truth_micro_nmi_sd","official_final_vs_truth_micro_nmi_minimo","official_final_vs_truth_micro_nmi_maximo","official_final_vs_truth_micro_ari_n","official_final_vs_truth_micro_ari_media","official_final_vs_truth_micro_ari_mediana","official_final_vs_truth_micro_ari_sd","official_final_vs_truth_micro_ari_minimo","official_final_vs_truth_micro_ari_maximo","modified_top_vs_official_top_nmi_n","modified_top_vs_official_top_nmi_media","modified_top_vs_official_top_nmi_mediana","modified_top_vs_official_top_nmi_sd","modified_top_vs_official_top_nmi_minimo","modified_top_vs_official_top_nmi_maximo","modified_top_vs_official_top_ari_n","modified_top_vs_official_top_ari_media","modified_top_vs_official_top_ari_mediana","modified_top_vs_official_top_ari_sd","modified_top_vs_official_top_ari_minimo","modified_top_vs_official_top_ari_maximo","modified_final_vs_official_final_nmi_n","modified_final_vs_official_final_nmi_media","modified_final_vs_official_final_nmi_mediana","modified_final_vs_official_final_nmi_sd","modified_final_vs_official_final_nmi_minimo","modified_final_vs_official_final_nmi_maximo","modified_final_vs_official_final_ari_n","modified_final_vs_official_final_ari_media","modified_final_vs_official_final_ari_mediana","modified_final_vs_official_final_ari_sd","modified_final_vs_official_final_ari_minimo","modified_final_vs_official_final_ari_maximo"
"mu1_0.05_mu2_0.20",0.05,0.2,0.75,3,0.969759406698715,1,0.0523782440488521,0.909278220096146,1,3,0.933329898626175,1,0.115476002925233,0.799989695878525,1,3,0.992530452262663,1,0.0129376361906294,0.977591356787988,1,3,0.954913705545596,0.999999999999998,0.0780917527200369,0.86474111663679,1,3,1,1,0,1,1,3,1,1,0,1,1,3,1,1,0,1,1,3,0.999999999999999,0.999999999999998,1.15377761183014e-15,0.999999999999998,1,3,0.969759406698715,1,0.0523782440488521,0.909278220096146,1,3,0.933329898626175,1,0.115476002925233,0.799989695878525,1,3,0.992530452262663,1,0.0129376361906294,0.977591356787988,1,3,0.954913705545596,0.999999999999998,0.0780917527200369,0.86474111663679,1
"mu1_0.05_mu2_0.30",0.05,0.3,0.65,3,0.810368303413248,0.756095054283819,0.101129529430449,0.74796168398644,0.927048171969485,3,0.630891891683214,0.52145186599668,0.201609625160792,0.50766921279464,0.863554596258322,3,0.926374811752958,0.922823660632768,0.00679640706862096,0.922089599960441,0.934211174665665,3,0.644623299749906,0.651406702317167,0.0409192913392532,0.600736197605011,0.681726999327541,3,0.84686508846244,0.841968598682367,0.00849080699872191,0.84195724102266,0.856669425682292,3,0.772680197561725,0.756752654179339,0.031043265387056,0.752833551290527,0.808454387215308,3,0.992310917349986,1,0.0133178818134212,0.976932752049957,1,3,0.957615770252657,0.999999999999998,0.073411639362068,0.872847310757974,1,3,0.668188243861637,0.612981155153279,0.102055851453985,0.605627882836455,0.785955693595178,3,0.458166457965176,0.351044545220992,0.192468812016922,0.34309196297331,0.680362865701226,3,0.934030980940049,0.934211174665665,0.011118318643051,0.922823660632768,0.945058107521715,3,0.683584030730988,0.681726999327541,0.0837917838879541,0.600736197605011,0.768288895260412
"mu1_0.05_mu2_0.40",0.05,0.4,0.55,3,0.84977412200823,0.843303221840235,0.0127343925001883,0.841574523311801,0.864444620872654,3,0.774431444333465,0.758230575680274,0.0332853197183221,0.752348084996697,0.812715672323423,3,0.787449546680392,0.798620109689886,0.0218743952101303,0.76224531878836,0.80148321156293,3,0.373646518754958,0.391959679149134,0.0394218208816779,0.328399066042648,0.400580811073091,3,0.90258261423763,0.864444620872654,0.085025584236998,0.843303221840235,1,3,0.856982082667899,0.812715672323423,0.12681778245799,0.758230575680274,1,3,0.915469273351227,0.885934413289325,0.0561815652651725,0.880215334883428,0.980258071880928,3,0.646358390077326,0.555201401899359,0.19769869311597,0.510684088630615,0.873189679702003,3,0.9471915077706,1,0.0914669916124264,0.841574523311801,1,3,0.917449361665566,1,0.142981899792483,0.752348084996697,1,3,0.870313058862535,0.913592185428109,0.0773953992238178,0.78095912691397,0.916387864245526,3,0.674883635976099,0.789166922146627,0.235097592335604,0.404492430643812,0.830991555137858
"mu1_0.10_mu2_0.20",0.1,0.2,0.7,3,1,1,0,1,1,3,1,1,0,1,1,3,0.996854674463339,1,0.00544786363584125,0.990564023390016,1,3,0.980367233311092,0.999999999999998,0.0340049493983304,0.941101699933281,0.999999999999998,3,0.975682723989828,1,0.0421187575512931,0.927048171969485,1,3,0.954518198752774,1,0.078776790579945,0.863554596258322,1,3,1,1,0,1,1,3,0.999999999999999,0.999999999999998,1.15377761183014e-15,0.999999999999998,1,3,0.975682723989828,1,0.0421187575512931,0.927048171969485,1,3,0.954518198752774,1,0.078776790579945,0.863554596258322,1,3,0.996854674463339,1,0.00544786363584125,0.990564023390016,1,3,0.980367233311092,0.999999999999998,0.0340049493983304,0.941101699933281,0.999999999999998
"mu1_0.10_mu2_0.30",0.1,0.3,0.6,3,0.762065773505529,0.756861447724466,0.00957986982661951,0.756214525796285,0.773121346995836,3,0.57366191473209,0.562645229868664,0.0199853245429202,0.561609286574146,0.596731227753461,3,0.901926312971371,0.892934259346894,0.025235713452371,0.882418205511342,0.930426474055878,3,0.575846943390066,0.565875456027607,0.0695925624900817,0.51177798532137,0.649887388821221,3,0.734394321760007,0.756095054283819,0.20924776590563,0.515141853319536,0.931946057676665,3,0.556104785604065,0.52145186599668,0.308565064724662,0.266329013991983,0.880533476823532,3,0.976762421297119,0.976912140380956,0.003397331452165,0.973292705478004,0.980082418032397,3,0.852075425391174,0.86894599457087,0.0320137709110226,0.815154715587574,0.872125566015078,3,0.575713246521104,0.539680405438963,0.24693457489998,0.348774752733649,0.838684581390701,3,0.345908959666654,0.260830604442976,0.284700858615525,0.113446620917688,0.663449653639299,3,0.924976132390614,0.915814018055296,0.0221854041986446,0.908839228627304,0.950275150489242,3,0.704173746137271,0.678646449573505,0.055043059116083,0.666529000232613,0.767345788605696
"mu1_0.10_mu2_0.40",0.1,0.4,0.5,3,0.894758090056481,0.849421401834446,0.0914327908821605,0.834852868334998,1,3,0.836534155859595,0.760934419166863,0.141698368421361,0.748668048411921,1,3,0.7474497825262,0.799188887865237,0.0909750845551805,0.642404698637376,0.800755761075988,3,0.344244793102684,0.38639165102655,0.0879756171299114,0.243124871495865,0.403217856785638,3,0.887251779419089,0.849421401834446,0.0784796403045423,0.834852868334998,0.977481068087822,3,0.826430923365987,0.760934419166863,0.124217765433904,0.748668048411921,0.969690302519176,3,0.819175552384459,0.800755761075988,0.0332701917615165,0.799188887865237,0.857582008212153,3,0.42234029160976,0.403217856785638,0.048429307345365,0.38639165102655,0.477411367017092,3,0.992493689362607,1,0.0130013114013588,0.977481068087822,1,3,0.989896767506392,1,0.0174993119996099,0.969690302519176,1,3,0.924425364763771,1,0.130899107992633,0.773276094291314,1,3,0.870802423507781,1,0.22377676669929,0.612407270523342,1
"mu1_0.20_mu2_0.20",0.2,0.2,0.6,3,0.657591745328591,0.651894965326597,0.0149418437603845,0.646336280602373,0.674543990056804,3,0.28912675014854,0.291437959279833,0.0408780617275811,0.247142115899744,0.328800175266043,3,0.985778895109487,0.980204055744849,0.0124112160119874,0.977132629583612,1,3,0.911683744279214,0.869121662953158,0.0765007721068504,0.865929569884483,1,3,0.657591745328591,0.651894965326597,0.0149418437603845,0.646336280602373,0.674543990056804,3,0.28912675014854,0.291437959279833,0.0408780617275811,0.247142115899744,0.328800175266043,3,0.985778895109487,0.980204055744849,0.0124112160119874,0.977132629583612,1,3,0.911683744279214,0.869121662953158,0.0765007721068504,0.865929569884483,1,3,1,1,0,1,1,3,1,1,5.76888805915069e-16,0.999999999999999,1,3,1,1,0,1,1,3,1,1,5.76888805915069e-16,0.999999999999999,1
"mu1_0.20_mu2_0.30",0.2,0.3,0.5,3,0.776136205422903,0.753581944382261,0.0512607858940777,0.740019801023771,0.834806870862677,3,0.630485941101781,0.594666179817095,0.104930957214575,0.548155040082677,0.748636603405572,3,0.85516097814833,0.868176756163357,0.0494002398910565,0.800556043043456,0.896750135238176,3,0.467490909725182,0.467871079756676,0.0823240965055256,0.384977386561412,0.549624262857459,3,0.776136205422903,0.753581944382261,0.0512607858940777,0.740019801023771,0.834806870862677,3,0.630485941101781,0.594666179817095,0.104930957214575,0.548155040082677,0.748636603405572,3,0.876363944721875,0.896750135238176,0.0679485128195934,0.800556043043456,0.931785655883992,3,0.526053840716852,0.549624262857459,0.130892700859959,0.384977386561412,0.643559872731686,3,1,1,0,1,1,3,1,1,0,1,1,3,0.978604641309288,1,0.0370578482984729,0.935813923927865,1,3,0.927729341423859,1,0.12517645255034,0.783188024271576,1
"mu1_0.20_mu2_0.40",0.2,0.4,0.4,3,1,1,0,1,1,3,1,1,0,1,1,3,0.645625959972544,0.649389012112953,0.0119081401276858,0.6322909025586,0.655197965246079,3,0.24610310671172,0.253202771154454,0.0194798772903755,0.224069181522384,0.261037367458322,3,1,1,0,1,1,3,1,1,0,1,1,3,0.645625959972544,0.649389012112953,0.0119081401276858,0.6322909025586,0.655197965246079,3,0.24610310671172,0.253202771154454,0.0194798772903755,0.224069181522384,0.261037367458322,3,1,1,0,1,1,3,1,1,0,1,1,3,1,1,0,1,1,3,1,1,0,1,1
