"configuracion","mu1","mu2","misma_micro","prototipo_macro_nmi_media","prototipo_micro_nmi_media","oficial_macro_nmi_media","oficial_micro_nmi_media","prototipo_vs_oficial_superior_nmi_media","prototipo_vs_oficial_final_nmi_media"
"mu1_0.05_mu2_0.20",0.05,0.2,0.75,0.969759406698715,0.992530452262663,1,1,0.969759406698715,0.992530452262663
"mu1_0.05_mu2_0.30",0.05,0.3,0.65,0.810368303413248,0.926374811752958,0.84686508846244,0.992310917349986,0.668188243861637,0.934030980940049
"mu1_0.05_mu2_0.40",0.05,0.4,0.55,0.84977412200823,0.787449546680392,0.90258261423763,0.915469273351227,0.9471915077706,0.870313058862535
"mu1_0.10_mu2_0.20",0.1,0.2,0.7,1,0.996854674463339,0.975682723989828,1,0.975682723989828,0.996854674463339
"mu1_0.10_mu2_0.30",0.1,0.3,0.6,0.762065773505529,0.901926312971371,0.734394321760007,0.976762421297119,0.575713246521104,0.924976132390614
"mu1_0.10_mu2_0.40",0.1,0.4,0.5,0.894758090056481,0.7474497825262,0.887251779419089,0.819175552384459,0.992493689362607,0.924425364763771
"mu1_0.20_mu2_0.20",0.2,0.2,0.6,0.657591745328591,0.985778895109487,0.657591745328591,0.985778895109487,1,1
"mu1_0.20_mu2_0.30",0.2,0.3,0.5,0.776136205422903,0.85516097814833,0.776136205422903,0.876363944721875,1,0.978604641309288
"mu1_0.20_mu2_0.40",0.2,0.4,0.4,1,0.645625959972544,1,0.645625959972544,1,1
