"node_id","modificado_top","modificado_final","oficial_jerarquico_top","oficial_jerarquico_final","oficial_two_level_top","oficial_two_level_final"
1,1,1,1,3,1,1
2,1,1,1,3,1,1
3,2,2,4,128,2,2
4,3,3,2,37,3,3
5,3,4,2,38,4,4
6,3,5,5,143,5,5
7,3,5,5,143,5,5
8,4,6,13,237,6,6
9,5,7,7,175,7,7
10,3,8,2,63,8,8
11,3,4,2,38,4,4
12,1,1,1,3,1,1
13,4,9,13,235,9,9
14,2,10,4,130,10,10
15,3,11,1,1,11,11
16,3,12,2,56,12,12
17,3,13,2,34,13,13
18,5,14,7,170,14,14
19,6,15,10,209,15,15
20,5,16,7,180,16,16
21,3,11,1,5,11,11
22,3,11,1,1,11,11
23,7,17,3,99,17,17
24,3,11,1,1,11,11
25,4,9,13,235,9,9
26,1,18,1,2,18,18
27,1,18,1,2,18,18
28,3,5,5,143,5,5
29,3,5,5,143,5,5
30,1,18,1,2,18,18
31,3,13,2,34,13,13
32,3,12,2,56,12,12
33,3,19,2,69,19,19
34,2,10,4,130,10,10
35,3,11,1,1,11,11
36,1,18,1,2,18,18
37,1,18,1,2,18,18
38,1,18,1,2,18,18
39,3,20,2,43,20,20
40,3,11,1,1,11,11
41,4,6,13,237,6,6
42,1,18,1,2,18,18
43,1,18,1,2,18,18
44,3,21,2,36,21,21
45,3,5,5,143,5,5
46,1,1,1,3,1,1
47,1,18,1,2,18,18
48,2,22,5,151,22,22
49,1,18,1,2,18,18
50,2,23,4,131,23,23
51,8,24,11,218,24,24
52,7,25,3,112,25,25
53,1,18,1,2,18,18
54,9,26,9,192,26,26
55,3,11,1,1,11,11
56,3,8,2,63,8,8
57,1,18,1,2,18,18
58,1,1,1,3,1,1
59,1,27,1,10,27,27
60,10,28,8,185,28,28
61,3,29,2,86,29,29
62,2,2,4,128,2,2
63,1,1,1,3,1,1
64,3,11,1,1,11,11
65,2,23,4,131,23,23
66,7,17,3,99,17,17
67,2,2,4,128,2,2
68,5,30,7,171,30,30
69,3,11,1,1,11,11
70,2,31,4,133,23,23
71,1,18,1,2,18,18
72,1,32,1,22,31,31
73,8,24,11,218,24,24
74,10,33,8,187,32,32
75,11,34,6,160,33,33
76,2,23,4,131,23,23
77,6,35,10,214,34,34
78,5,36,7,169,35,35
79,1,1,1,3,1,1
80,2,23,4,131,23,23
81,8,24,11,218,24,24
82,1,37,1,9,36,36
83,10,28,8,186,28,28
84,7,25,3,112,25,25
85,1,18,1,2,18,18
86,3,38,2,54,37,37
87,7,39,3,101,38,38
88,1,32,1,22,31,31
89,1,18,1,2,18,18
90,4,9,13,235,9,9
91,1,18,1,2,18,18
92,3,40,5,147,39,39
93,1,18,1,2,18,18
94,2,23,4,131,23,23
95,1,1,1,3,1,1
96,3,41,1,8,40,40
97,5,36,7,169,35,35
98,7,39,3,101,38,38
99,6,15,10,209,15,15
100,2,23,4,131,23,23
101,1,27,1,10,27,27
102,2,10,4,130,10,10
103,3,42,2,77,41,41
104,3,5,5,144,5,5
105,9,43,9,191,42,42
106,3,11,1,1,11,11
107,3,11,1,1,11,11
108,3,11,1,1,11,11
109,3,11,1,1,11,11
110,3,11,1,1,11,11
111,4,6,13,237,6,6
112,3,11,1,1,11,11
113,3,11,1,1,11,11
114,3,44,2,62,43,43
115,3,11,1,1,11,11
116,3,11,1,1,11,11
117,3,11,1,1,11,11
118,7,45,3,102,44,44
119,3,11,1,1,11,11
120,3,11,1,1,11,11
121,3,46,2,64,45,45
122,3,46,2,64,45,45
123,3,11,1,1,11,11
124,3,11,1,1,11,11
125,3,11,1,1,11,11
126,11,34,6,160,33,33
127,3,3,2,37,3,3
128,3,11,1,1,11,11
129,3,47,2,32,46,46
130,9,26,9,192,26,26
131,3,4,2,38,4,4
132,3,48,2,35,47,47
133,3,11,1,1,11,11
134,3,3,2,37,3,3
135,3,11,1,1,11,11
136,3,11,1,1,11,11
137,3,48,2,35,47,47
138,3,49,2,39,48,48
139,3,48,2,35,47,47
140,11,34,6,160,33,33
141,12,50,5,145,49,49
142,3,3,2,49,50,50
143,3,11,1,1,11,11
144,1,51,1,23,51,51
145,2,2,4,128,2,2
146,7,52,3,111,52,52
147,3,3,2,49,50,50
148,3,53,2,32,53,53
149,7,52,3,111,52,52
150,3,54,1,13,54,54
151,1,55,1,25,55,55
152,3,47,2,32,46,46
153,1,18,1,2,18,18
154,1,1,1,3,1,1
155,5,16,7,181,16,16
156,3,11,1,1,11,11
157,3,48,2,35,47,47
158,2,2,4,128,2,2
159,3,5,5,143,5,5
160,1,18,1,2,18,18
161,9,26,9,192,26,26
162,3,5,5,143,5,5
163,2,2,4,129,2,2
164,3,48,2,35,47,47
165,3,21,2,36,21,21
166,5,16,7,181,16,16
167,3,56,2,57,56,56
168,3,57,1,6,57,57
169,3,19,2,69,19,19
170,1,18,1,2,18,18
171,3,5,5,143,5,5
172,3,5,5,143,5,5
173,3,13,2,34,13,13
174,10,28,8,185,28,28
175,5,14,7,170,14,14
176,3,11,1,7,51,51
177,7,58,3,110,58,58
178,2,2,4,128,2,2
179,11,34,6,160,33,33
180,3,5,5,143,5,5
181,3,13,2,34,13,13
182,1,1,1,3,1,1
183,3,19,2,69,19,19
184,3,20,2,43,20,20
185,3,56,2,57,56,56
186,11,59,6,159,59,59
187,3,4,2,38,4,4
188,3,3,2,37,3,3
189,1,18,1,2,18,18
190,1,18,1,2,18,18
191,3,13,2,34,13,13
192,1,18,1,2,18,18
193,3,5,5,143,5,5
194,3,3,2,37,3,3
195,3,21,2,36,21,21
196,3,3,2,37,3,3
197,3,5,5,143,5,5
198,3,21,2,36,21,21
199,3,13,2,34,13,13
200,3,12,2,56,12,12
201,3,60,2,39,48,48
202,3,11,1,1,11,11
203,3,44,2,62,43,43
204,3,21,2,36,21,21
205,13,61,5,149,60,60
206,10,28,8,185,28,28
207,4,6,13,237,6,6
208,3,3,2,37,3,3
209,3,12,2,56,12,12
210,11,59,6,159,59,59
211,3,8,2,63,8,8
212,7,17,3,99,17,17
213,3,5,5,143,5,5
214,2,2,4,128,2,2
215,14,62,4,134,61,61
216,2,2,4,128,2,2
217,1,1,1,3,1,1
218,10,28,8,185,28,28
219,7,63,3,105,62,62
220,1,1,1,3,1,1
221,7,64,3,116,63,63
222,2,2,4,129,2,2
223,1,18,1,2,18,18
224,3,20,2,43,20,20
225,7,17,3,99,17,17
226,2,65,5,148,5,5
227,2,22,5,152,22,22
228,13,61,5,149,60,60
229,2,2,4,129,2,2
230,3,11,1,1,11,11
231,14,62,4,134,61,61
232,7,63,3,105,62,62
233,3,21,2,36,21,21
234,3,66,5,156,64,64
235,3,5,5,144,5,5
236,3,12,2,56,12,12
237,3,13,2,34,13,13
238,11,59,6,159,59,59
239,2,22,5,151,22,22
240,2,22,5,150,22,22
241,1,1,1,3,1,1
242,7,17,3,99,17,17
243,1,1,1,3,1,1
244,3,5,5,143,5,5
245,13,61,5,149,60,60
246,3,67,2,96,65,65
247,3,5,5,144,5,5
248,7,63,3,105,62,62
249,1,18,1,2,18,18
250,3,12,2,56,12,12
251,3,5,5,144,5,5
252,3,20,2,43,20,20
253,1,1,1,3,1,1
254,11,59,6,159,59,59
255,12,68,2,88,66,66
256,12,50,5,145,49,49
257,1,1,1,3,1,1
258,3,13,2,34,13,13
259,3,69,2,50,67,67
260,1,27,1,10,27,27
261,13,61,5,149,60,60
262,10,28,8,186,28,28
263,3,70,2,32,68,68
264,3,71,1,6,57,57
265,1,18,1,2,18,18
266,3,5,5,144,5,5
267,3,41,1,8,40,40
268,3,72,2,42,69,69
269,3,73,5,146,5,5
270,12,50,5,145,49,49
271,3,11,1,5,11,11
272,8,74,11,223,70,70
273,3,72,2,42,69,69
274,2,23,4,131,2,2
275,3,11,1,1,11,11
276,3,48,2,35,47,47
277,1,1,1,3,1,1
278,3,21,2,36,21,21
279,3,75,1,19,71,71
280,3,76,2,72,72,72
281,3,11,1,1,11,11
282,7,77,3,100,73,73
283,3,5,5,144,5,5
284,7,64,3,116,63,63
285,3,11,1,1,11,11
286,2,78,4,132,74,74
287,13,79,5,154,75,75
288,3,72,2,42,69,69
289,7,17,3,99,17,17
290,7,39,3,101,38,38
291,3,80,2,32,76,76
292,11,34,6,160,33,33
293,3,11,1,1,11,11
294,8,81,11,219,77,77
295,11,59,6,159,59,59
296,7,25,3,112,25,25
297,1,1,1,3,1,1
298,5,36,7,169,35,35
299,1,18,1,2,18,18
300,3,72,2,42,69,69
301,3,82,2,65,78,78
302,3,5,5,144,5,5
303,3,11,1,5,11,11
304,13,61,5,149,60,60
305,3,73,5,153,79,79
306,2,78,4,132,74,74
307,2,2,4,128,2,2
308,7,25,3,112,25,25
309,3,83,2,53,80,80
310,3,20,2,43,20,20
311,3,80,2,32,76,76
312,7,84,3,107,81,81
313,3,85,2,54,37,37
314,3,13,2,34,13,13
315,1,1,1,3,1,1
316,5,30,7,171,30,30
317,6,86,10,217,82,82
318,3,47,2,51,46,46
319,3,11,1,5,11,11
320,1,87,1,14,83,83
321,3,11,1,1,11,11
322,1,37,1,9,36,36
323,11,59,6,159,59,59
324,2,2,4,128,2,2
325,7,39,3,101,38,38
326,3,44,2,62,43,43
327,1,1,1,3,1,1
328,3,88,2,33,84,84
329,3,83,2,53,80,80
330,3,66,5,156,64,64
331,3,80,2,32,76,76
332,3,5,5,144,5,5
333,1,1,1,3,1,1
334,2,2,4,128,2,2
335,11,59,6,159,59,59
336,8,24,11,218,24,24
337,3,89,1,4,85,85
338,3,71,1,5,57,57
339,3,46,2,64,45,45
340,3,29,2,86,29,29
341,11,59,6,159,59,59
342,3,11,1,1,11,11
343,1,37,1,9,36,36
344,2,78,4,132,74,74
345,3,11,1,5,11,11
346,3,90,1,7,51,51
347,1,37,1,9,36,36
348,1,18,1,2,18,18
349,1,91,1,21,86,86
350,3,44,2,62,43,43
351,3,89,1,4,85,85
352,4,92,13,239,87,87
353,5,30,7,171,30,30
354,3,93,2,45,88,88
355,3,5,5,144,5,5
356,3,94,2,78,89,89
357,3,95,5,153,90,90
358,1,18,1,2,18,18
359,1,18,1,2,18,18
360,1,87,1,14,83,83
361,3,73,5,146,79,79
362,1,18,1,2,18,18
363,2,2,4,128,2,2
364,13,79,5,154,75,75
365,5,96,7,172,91,91
366,7,58,3,115,58,58
367,1,37,1,9,36,36
368,3,11,1,1,11,11
369,6,86,10,217,82,82
370,4,92,13,236,87,87
371,3,82,2,65,78,78
372,5,14,7,171,30,30
373,3,72,2,42,69,69
374,3,97,2,41,92,92
375,3,5,5,143,5,5
376,1,18,1,2,18,18
377,3,20,2,43,20,20
378,2,98,11,220,93,93
379,10,28,8,185,28,28
380,5,36,7,169,35,35
381,3,5,5,143,5,5
382,5,99,7,177,7,7
383,3,100,1,15,94,94
384,4,92,13,236,87,87
385,3,100,1,15,94,94
386,2,101,4,136,95,95
387,3,41,1,8,40,40
388,1,87,1,14,83,83
389,3,4,2,38,4,4
390,3,80,2,32,76,76
391,3,102,2,35,96,96
392,3,103,2,67,97,97
393,3,53,2,32,98,98
394,1,18,1,2,18,18
395,1,18,1,2,18,18
396,3,20,2,43,20,20
397,5,96,7,172,91,91
398,3,104,2,44,99,99
399,2,23,4,131,23,23
400,3,5,5,143,5,5
401,3,5,5,144,5,5
402,3,20,2,43,20,20
403,1,51,1,23,51,51
404,2,101,4,136,95,95
405,3,73,5,155,79,79
406,12,68,2,89,66,66
407,10,28,8,185,28,28
408,8,105,11,222,100,100
409,7,58,3,115,58,58
410,3,75,1,15,94,94
411,3,83,2,53,80,80
412,3,73,5,148,39,39
413,3,11,1,12,11,11
414,6,106,10,212,101,101
415,1,1,1,3,1,1
416,2,78,4,132,74,74
417,3,97,2,41,92,92
418,2,2,4,129,2,2
419,3,80,2,32,85,85
420,3,20,2,43,20,20
421,2,23,4,131,23,23
422,3,89,1,4,85,85
423,3,100,1,15,94,94
424,7,45,3,102,44,44
425,3,20,2,43,20,20
426,1,18,1,2,18,18
427,1,1,1,3,1,1
428,3,11,1,5,11,11
429,3,73,5,148,39,39
430,1,1,1,3,1,1
431,3,103,2,51,97,97
432,3,40,5,147,39,39
433,10,28,8,185,28,28
434,3,20,2,43,20,20
435,6,15,10,209,15,15
436,7,63,3,105,62,62
437,12,68,2,88,66,66
438,14,62,4,134,61,61
439,3,13,2,34,13,13
440,7,58,3,115,58,58
441,2,101,4,136,95,95
442,3,107,2,47,67,67
443,7,108,3,104,44,44
444,2,22,5,151,22,22
445,3,11,1,13,11,11
446,15,109,12,229,102,102
447,3,13,2,34,13,13
448,1,110,1,18,103,103
449,6,106,10,215,101,101
450,3,69,2,50,104,104
451,7,58,3,110,58,58
452,3,111,1,29,105,105
453,1,1,1,3,1,1
454,5,14,7,170,14,14
455,2,101,4,136,95,95
456,11,34,6,160,33,33
457,1,18,1,2,18,18
458,11,34,6,160,33,33
459,1,91,1,21,86,86
460,7,63,3,105,62,62
461,3,13,2,34,13,13
462,1,18,1,2,18,18
463,1,1,1,3,1,1
464,3,47,2,32,46,46
465,2,23,4,131,23,23
466,1,18,1,2,18,18
467,5,14,7,170,14,14
468,7,58,3,110,58,58
469,2,2,4,128,2,2
470,2,78,4,132,74,74
471,6,112,10,210,34,34
472,3,19,2,69,19,19
473,1,18,1,2,18,18
474,7,25,1,13,54,54
475,3,54,1,13,54,54
476,3,20,2,54,37,37
477,13,113,9,196,106,106
478,3,73,5,155,79,79
479,3,114,2,48,107,107
480,13,61,5,149,60,60
481,11,59,6,159,59,59
482,2,115,4,140,108,108
483,3,116,2,95,109,109
484,3,46,2,64,45,45
485,3,54,1,13,54,54
486,7,108,3,120,44,44
487,3,5,5,143,5,5
488,1,1,1,3,1,1
489,3,54,1,13,54,54
490,3,111,1,29,105,105
491,3,49,9,193,48,48
492,3,11,1,5,11,11
493,6,112,10,210,34,34
494,3,8,2,63,8,8
495,5,36,7,169,35,35
496,3,103,2,67,97,97
497,2,31,4,133,23,23
498,2,2,4,128,2,2
499,2,65,4,135,10,10
500,7,117,3,109,17,17
501,10,28,8,185,28,28
502,3,11,1,1,11,11
503,1,1,1,3,1,1
504,3,116,2,95,109,109
505,5,99,7,177,7,7
506,3,72,2,42,69,69
507,7,117,3,109,17,17
508,3,73,5,148,39,39
509,3,89,1,4,85,85
510,3,69,2,66,104,104
511,1,1,1,3,1,1
512,2,10,4,130,10,10
513,6,15,10,211,15,15
514,3,21,2,36,21,21
515,9,118,9,201,110,110
516,7,63,3,105,62,62
517,7,39,3,101,38,38
518,3,89,1,4,85,85
519,1,1,1,3,1,1
520,3,29,2,86,29,29
521,3,5,5,143,5,5
522,3,119,2,66,53,53
523,3,102,2,53,96,96
524,3,94,2,78,89,89
525,7,120,3,106,52,52
526,7,121,3,102,111,111
527,1,122,1,26,1,1
528,6,106,10,212,101,101
529,3,72,2,42,69,69
530,10,123,8,188,112,112
531,5,14,7,170,14,14
532,5,16,7,180,16,16
533,3,95,5,153,90,90
534,1,1,1,3,1,1
535,7,108,3,120,44,44
536,3,73,5,148,39,39
537,1,1,1,3,1,1
538,1,1,1,3,1,1
539,6,124,10,207,113,113
540,2,23,4,131,23,23
541,7,125,3,107,114,114
542,3,89,1,4,85,85
543,9,118,9,201,110,110
544,1,18,1,2,18,18
545,3,126,2,55,115,115
546,2,2,4,129,2,2
547,7,39,3,101,38,38
548,3,76,2,72,72,72
549,3,66,5,156,64,64
550,1,1,1,3,1,1
551,2,65,4,135,10,10
552,8,105,11,222,100,100
553,1,127,1,30,116,116
554,1,18,1,2,18,18
555,3,71,1,6,46,46
556,15,128,12,233,102,102
557,1,55,1,25,55,55
558,2,22,5,150,22,22
559,1,1,1,3,1,1
560,6,106,10,212,101,101
561,2,98,11,220,93,93
562,13,61,5,149,60,60
563,5,129,7,176,106,106
564,7,120,3,106,52,52
565,7,117,3,118,117,117
566,2,65,4,135,10,10
567,10,28,8,189,28,28
568,3,60,2,39,48,48
569,12,130,2,87,118,118
570,3,60,2,39,48,48
571,3,57,1,31,57,57
572,1,1,1,3,1,1
573,1,32,1,22,31,31
574,1,87,1,14,83,83
575,8,24,11,218,24,24
576,6,106,10,215,101,101
577,12,50,5,145,49,49
578,3,103,2,67,97,97
579,2,23,4,131,23,23
580,7,84,3,108,81,81
581,1,18,1,2,18,18
582,2,10,4,130,10,10
583,3,38,1,2,37,37
584,6,106,10,212,101,101
585,3,72,2,42,69,69
586,11,59,6,159,59,59
587,7,77,3,100,73,73
588,5,14,7,170,14,14
589,7,39,3,101,38,38
590,10,33,8,187,32,32
591,10,28,8,185,28,28
592,7,39,3,101,38,38
593,1,1,1,3,1,1
594,5,14,7,170,14,14
595,6,106,10,215,101,101
596,3,89,1,4,11,11
597,7,45,3,102,44,44
598,3,88,2,33,84,84
599,1,1,1,3,1,1
600,6,124,10,207,113,113
601,6,15,10,209,15,15
602,7,131,2,43,20,20
603,3,60,2,39,48,48
604,6,35,10,214,34,34
605,1,18,1,2,18,18
606,7,39,3,101,38,38
607,2,31,4,133,23,23
608,2,31,4,133,23,23
609,11,34,6,160,33,33
610,3,5,5,144,5,5
611,1,18,1,2,18,18
612,7,132,9,204,58,58
613,3,133,2,41,88,88
614,1,32,1,22,31,31
615,5,30,7,184,30,30
616,1,1,1,3,1,1
617,1,1,1,3,1,1
618,3,11,1,1,11,11
619,5,14,7,170,14,14
620,7,39,3,101,38,38
621,6,15,10,209,15,15
622,11,59,6,159,59,59
623,15,134,12,230,119,119
624,8,135,2,81,120,120
625,7,136,3,121,121,121
626,3,137,2,91,98,98
627,3,107,2,47,67,67
628,3,46,2,64,45,45
629,7,120,3,106,52,52
630,3,138,2,83,106,106
631,11,139,6,161,122,122
632,15,109,12,229,102,102
633,8,135,2,81,120,120
634,3,11,1,1,11,11
635,3,11,1,1,11,11
636,7,58,9,193,58,58
637,3,11,1,1,11,11
638,3,11,1,1,11,11
639,3,11,1,1,11,11
640,3,11,1,1,11,11
641,3,11,1,1,11,11
642,3,11,1,1,11,11
643,3,11,1,1,11,11
644,3,11,1,1,11,11
645,3,11,1,1,11,11
646,7,77,3,103,73,73
647,3,11,1,1,11,11
648,3,11,1,1,11,11
649,3,11,1,1,11,11
650,3,11,1,1,11,11
651,3,11,1,1,11,11
652,3,11,1,1,11,11
653,3,11,1,1,11,11
654,3,11,1,1,11,11
655,3,11,1,1,11,11
656,3,11,1,1,11,11
657,3,11,1,1,11,11
658,3,11,1,1,11,11
659,3,11,1,1,11,11
660,3,11,1,1,11,11
661,3,11,1,1,11,11
662,3,69,2,50,104,104
663,7,64,3,116,63,63
664,3,11,1,1,11,11
665,3,11,1,1,11,11
666,3,11,1,1,11,11
667,7,136,3,121,121,121
668,14,140,4,137,61,61
669,3,66,5,156,64,64
670,3,11,1,1,11,11
671,3,11,1,1,11,11
672,3,11,1,1,11,11
673,3,90,1,7,51,51
674,3,11,1,1,11,11
675,3,11,1,1,11,11
676,3,141,2,61,123,123
677,3,11,1,1,11,11
678,4,6,13,237,6,6
679,3,11,1,1,11,11
680,3,60,2,39,48,48
681,15,134,12,230,119,119
682,3,11,1,1,11,11
683,3,11,1,1,11,11
684,3,60,2,48,107,107
685,9,26,9,192,26,26
686,3,11,1,1,11,11
687,15,134,12,230,119,119
688,3,4,2,38,4,4
689,3,11,1,1,11,11
690,3,70,2,40,68,68
691,3,46,2,64,45,45
692,3,3,2,37,3,3
693,8,142,2,90,99,99
694,2,98,11,220,93,93
695,11,139,6,161,122,122
696,3,11,1,1,11,11
697,3,11,1,1,11,11
698,3,143,2,60,124,124
699,3,3,2,37,3,3
700,9,43,9,194,42,42
701,3,11,1,1,11,11
702,3,143,2,60,124,124
703,3,47,2,32,46,46
704,3,56,2,57,56,56
705,3,48,2,35,47,47
706,3,48,2,35,47,47
707,3,48,2,35,47,47
708,3,3,2,37,3,3
709,3,48,2,35,47,47
710,11,144,6,162,125,125
711,3,94,2,78,89,89
712,3,11,1,1,11,11
713,3,138,9,196,106,106
714,3,103,2,67,97,97
715,3,3,2,37,3,3
716,3,145,1,28,57,57
717,3,3,2,37,3,3
718,3,48,2,35,47,47
719,3,80,2,32,76,76
720,11,146,6,167,126,126
721,3,83,2,53,80,80
722,3,137,2,91,98,98
723,3,70,2,40,68,68
724,3,70,2,40,68,68
725,3,60,2,39,48,48
726,3,48,2,35,47,47
727,3,11,1,1,11,11
728,3,47,2,32,46,46
729,10,123,9,197,112,112
730,3,71,1,6,57,57
731,3,4,2,38,4,4
732,3,48,2,35,47,47
733,7,64,3,116,63,63
734,3,53,2,46,53,53
735,3,53,2,46,53,53
736,3,102,2,57,96,96
737,9,147,9,202,127,127
738,3,38,2,61,123,123
739,13,113,2,36,106,106
740,3,53,2,46,53,53
741,3,60,2,39,48,48
742,5,99,7,176,106,106
743,9,148,9,199,128,128
744,3,82,2,65,78,78
745,3,53,2,46,53,53
746,10,28,8,185,28,28
747,3,72,2,42,69,69
748,3,104,2,44,99,99
749,3,75,1,19,71,71
750,3,60,2,39,107,107
751,10,28,8,185,28,28
752,3,47,2,32,46,46
753,11,149,6,168,59,59
754,3,70,2,40,68,68
755,3,21,2,36,21,21
756,3,104,2,44,99,99
757,8,142,2,90,99,99
758,3,60,2,39,48,48
759,3,3,2,49,50,50
760,3,47,2,32,46,46
761,3,3,2,49,50,50
762,9,150,9,205,42,42
763,3,151,5,158,48,48
764,2,2,4,128,2,2
765,3,3,2,37,3,3
766,3,152,2,75,107,107
767,3,3,2,37,3,3
768,3,8,2,63,8,8
769,3,153,2,70,129,129
770,3,60,2,39,48,48
771,3,93,2,45,88,88
772,10,28,8,185,28,28
773,3,152,2,75,107,107
774,3,3,2,37,3,3
775,3,93,2,45,88,88
776,10,28,8,185,28,28
777,3,152,2,75,107,107
778,3,152,2,75,107,107
779,10,28,8,185,28,28
780,3,104,2,44,99,99
781,3,11,1,1,11,11
782,3,56,2,57,56,56
783,3,137,2,91,98,98
784,3,11,1,1,11,11
785,1,27,1,10,27,27
786,1,1,1,3,1,1
787,3,82,2,65,78,78
788,3,126,2,50,115,115
789,3,88,2,33,84,84
790,3,11,1,1,11,11
791,3,11,1,1,11,11
792,2,2,4,128,2,2
793,6,154,10,213,130,130
794,3,11,1,1,11,11
795,5,16,7,180,16,16
796,3,103,2,67,97,97
797,3,49,2,39,48,48
798,3,89,1,4,85,85
799,3,11,1,1,11,11
800,3,60,2,39,107,107
801,3,88,2,33,84,84
802,2,2,4,128,2,2
803,3,155,2,59,131,131
804,7,45,3,102,44,44
805,3,41,1,8,40,40
806,9,118,9,201,110,110
807,3,93,2,45,88,88
808,11,156,6,165,132,132
809,6,154,10,213,130,130
810,3,3,2,37,3,3
811,3,60,2,39,48,48
812,11,156,6,165,132,132
813,11,144,6,162,125,125
814,10,28,8,185,28,28
815,7,77,3,100,73,73
816,3,48,2,35,47,47
817,2,98,11,220,93,93
818,9,43,9,194,42,42
819,3,90,1,7,51,51
820,3,82,2,65,78,78
821,10,28,8,185,28,28
822,11,157,6,164,133,133
823,3,155,2,59,131,131
824,3,3,2,59,131,131
825,3,158,2,55,134,134
826,3,71,1,6,51,51
827,3,54,1,13,54,54
828,9,150,9,195,42,42
829,3,119,2,41,50,50
830,3,158,2,55,134,134
831,3,85,2,54,37,37
832,3,126,2,55,115,115
833,3,88,2,33,84,84
834,6,124,10,207,113,113
835,3,11,1,1,11,11
836,7,77,3,100,73,73
837,3,80,2,32,76,76
838,3,53,2,40,53,53
839,9,148,9,199,128,128
840,3,8,2,63,8,8
841,9,43,9,203,42,42
842,3,11,1,1,11,11
843,9,159,9,198,135,135
844,3,60,2,39,48,48
845,9,150,9,195,42,42
846,8,142,2,90,99,99
847,1,27,1,10,27,27
848,3,133,2,85,136,136
849,3,4,2,38,4,4
850,2,2,4,128,2,2
851,3,160,2,46,53,53
852,3,44,2,62,43,43
853,3,114,2,48,107,107
854,3,8,2,63,8,8
855,3,8,2,63,8,8
856,9,161,9,190,137,137
857,3,114,2,48,107,107
858,3,102,2,57,96,96
859,3,21,2,36,21,21
860,3,3,2,37,3,3
861,2,22,5,150,22,22
862,3,3,2,37,3,3
863,3,60,2,39,48,48
864,3,162,2,97,48,48
865,3,102,2,40,96,96
866,3,11,1,1,11,11
867,3,41,1,8,40,40
868,3,80,2,32,76,76
869,3,11,1,1,11,11
870,3,46,2,64,45,45
871,12,50,5,145,49,49
872,3,11,1,1,11,11
873,3,53,1,1,53,53
874,3,47,2,51,46,46
875,3,60,2,39,48,48
876,3,88,2,33,84,84
877,3,11,1,1,11,11
878,3,47,2,32,46,46
879,3,80,2,32,76,76
880,3,47,2,51,46,46
881,3,41,1,8,40,40
882,8,163,2,80,120,120
883,14,164,3,122,44,44
884,11,144,6,163,125,125
885,3,11,1,1,11,11
886,3,21,2,36,21,21
887,3,3,2,37,3,3
888,3,47,2,51,46,46
889,3,53,1,1,53,53
890,3,11,1,12,11,11
891,3,53,2,46,53,53
892,3,93,2,45,88,88
893,9,43,9,203,42,42
894,3,107,2,47,67,67
895,3,80,2,32,76,76
896,3,60,2,39,48,48
897,3,126,2,55,115,115
898,3,102,2,40,96,96
899,2,22,5,150,22,22
900,3,80,2,32,76,76
901,3,72,2,42,69,69
902,3,88,2,33,84,84
903,3,11,1,1,11,11
904,13,113,9,196,106,106
905,11,34,6,160,33,33
906,2,2,4,129,2,2
907,9,148,9,199,128,128
908,3,47,2,32,46,46
909,3,152,2,75,107,107
910,3,53,2,46,53,53
911,1,37,1,9,36,36
912,2,2,4,128,2,2
913,2,22,5,150,22,22
914,3,126,2,55,115,115
915,3,11,1,1,11,11
916,2,22,5,150,22,22
917,2,10,4,139,10,10
918,3,102,2,40,96,96
919,7,77,3,100,73,73
920,3,11,1,1,11,11
921,3,72,2,42,69,69
922,3,80,2,32,76,76
923,3,21,2,36,21,21
924,3,48,2,35,47,47
925,15,109,12,229,102,102
926,3,11,1,1,11,11
927,3,11,1,1,11,11
928,3,20,2,43,20,20
929,3,158,2,55,134,134
930,3,11,1,1,11,11
931,9,150,9,195,42,42
932,3,93,2,45,88,88
933,3,21,2,36,21,21
934,3,165,2,93,76,76
935,3,80,2,32,76,76
936,9,150,11,225,93,93
937,3,88,2,33,84,84
938,3,114,2,48,107,107
939,9,26,9,192,26,26
940,3,21,2,36,21,21
941,3,11,1,1,11,11
942,3,60,2,39,48,48
943,3,165,2,93,76,76
944,7,166,3,127,138,138
945,3,60,2,39,107,107
946,3,90,1,7,51,51
947,9,150,9,205,42,42
948,15,134,12,230,119,119
949,3,40,5,147,39,39
950,1,1,1,3,1,1
951,2,2,4,129,2,2
952,3,165,2,93,76,76
953,8,163,2,80,120,120
954,3,11,1,1,11,11
955,8,163,2,80,120,120
956,3,83,2,53,80,80
957,2,2,4,129,2,2
958,3,88,2,33,84,84
959,3,21,2,36,21,21
960,3,75,1,19,71,71
961,3,90,1,7,51,51
962,3,158,2,55,134,134
963,15,134,12,231,119,119
964,3,11,1,1,11,11
965,3,70,2,40,68,68
966,9,167,9,200,139,139
967,3,90,1,7,51,51
968,8,163,2,82,120,120
969,3,88,2,33,84,84
970,3,80,2,32,76,76
971,3,82,2,65,78,78
972,1,18,1,2,18,18
973,5,129,7,176,106,106
974,1,168,2,52,140,140
975,3,60,2,39,48,48
976,9,148,9,199,128,128
977,3,80,2,32,76,76
978,3,169,1,20,141,141
979,2,170,4,141,142,142
980,3,11,1,1,11,11
981,11,144,6,163,125,125
982,3,82,2,65,78,78
983,12,50,5,157,49,49
984,3,70,2,40,68,68
985,3,171,2,58,92,92
986,9,172,9,206,143,143
987,2,2,4,128,2,2
988,3,4,2,38,4,4
989,3,66,5,156,64,64
990,3,173,2,74,46,46
991,3,60,2,39,48,48
992,3,38,2,33,123,123
993,7,45,3,113,144,144
994,1,18,1,2,18,18
995,3,104,2,44,99,99
996,3,44,2,62,43,43
997,3,90,1,7,51,51
998,3,114,2,48,107,107
999,13,79,5,154,75,75
1000,3,71,1,6,57,57
1001,3,103,2,67,97,97
1002,3,44,2,62,43,43
1003,3,174,2,54,37,37
1004,2,2,4,129,2,2
1005,3,175,2,92,145,145
1006,8,24,11,227,24,24
1007,3,47,2,51,46,46
1008,3,176,2,42,69,69
1009,3,69,2,50,104,104
1010,3,11,1,1,11,11
1011,3,104,2,44,99,99
1012,7,121,3,102,111,111
1013,3,60,2,39,48,48
1014,7,121,3,102,111,111
1015,7,58,3,110,58,58
1016,3,173,2,74,46,46
1017,1,1,1,3,1,1
1018,15,109,12,232,102,102
1019,9,148,9,199,128,128
1020,3,174,2,54,37,37
1021,13,113,3,124,146,146
1022,3,104,2,44,99,99
1023,3,71,1,6,57,57
1024,3,76,2,72,72,72
1025,3,104,2,44,99,99
1026,3,104,2,44,99,99
1027,3,177,2,58,84,84
1028,3,44,2,62,43,43
1029,11,157,6,164,133,133
1030,9,150,9,195,42,42
1031,8,163,2,80,120,120
1032,7,121,3,102,111,111
1033,3,12,2,56,12,12
1034,3,155,2,59,131,131
1035,3,47,2,32,46,46
1036,3,13,2,34,13,13
1037,3,173,2,74,46,46
1038,7,77,3,100,73,73
1039,1,168,2,52,140,140
1040,7,77,3,100,73,73
1041,3,4,2,38,4,4
1042,3,126,2,50,115,115
1043,3,11,1,1,11,11
1044,3,47,2,32,46,46
1045,11,59,6,159,59,59
1046,3,93,1,1,88,88
1047,3,80,2,32,76,76
1048,3,11,1,1,11,11
1049,3,71,1,6,57,57
1050,3,103,2,67,97,97
1051,3,102,2,51,96,96
1052,6,124,10,207,113,113
1053,10,28,8,185,28,28
1054,3,88,2,33,84,84
1055,3,104,2,44,99,99
1056,3,11,1,1,11,11
1057,10,123,8,188,112,112
1058,11,59,6,159,59,59
1059,3,103,1,11,97,97
1060,2,2,4,128,2,2
1061,3,80,2,32,76,76
1062,3,175,2,92,145,145
1063,12,50,5,145,49,49
1064,1,168,2,52,140,140
1065,3,80,2,32,76,76
1066,13,113,3,124,146,146
1067,3,114,2,48,107,107
1068,3,114,2,48,107,107
1069,9,159,9,198,135,135
1070,10,123,8,188,112,112
1071,3,94,2,78,89,89
1072,11,59,6,159,59,59
1073,11,59,6,159,59,59
1074,11,34,6,160,33,33
1075,2,2,4,129,2,2
1076,2,10,4,130,10,10
1077,3,38,2,33,123,123
1078,7,121,3,102,111,111
1079,3,60,2,39,107,107
1080,3,47,2,32,46,46
1081,3,114,2,48,107,107
1082,3,13,2,34,13,13
1083,2,2,4,128,2,2
1084,9,147,9,202,127,127
1085,3,73,5,146,79,79
1086,6,124,10,216,113,113
1087,3,104,2,44,99,99
1088,2,2,4,128,2,2
1089,3,80,2,47,67,67
1090,3,47,2,32,46,46
1091,11,144,6,162,125,125
1092,3,119,2,41,53,53
1093,3,178,2,71,147,147
1094,3,152,2,75,107,107
1095,3,4,2,38,4,4
1096,5,96,7,174,7,7
1097,11,59,6,159,59,59
1098,6,154,10,213,130,130
1099,3,60,2,39,48,48
1100,3,21,2,36,21,21
1101,9,43,9,203,42,42
1102,6,154,10,213,130,130
1103,3,179,2,63,8,8
1104,6,112,10,210,34,34
1105,7,52,3,111,52,52
1106,3,143,2,60,124,124
1107,3,114,2,48,107,107
1108,3,73,5,146,79,79
1109,3,38,2,61,123,123
1110,3,80,2,47,67,67
1111,1,1,1,3,1,1
1112,13,180,3,126,148,148
1113,3,178,2,71,147,147
1114,3,60,2,39,48,48
1115,3,11,1,5,11,11
1116,10,123,9,197,112,112
1117,3,8,2,63,8,8
1118,7,121,3,102,111,111
1119,3,143,2,60,124,124
1120,2,2,4,128,2,2
1121,3,13,2,34,13,13
1122,3,4,2,38,4,4
1123,3,48,2,35,47,47
1124,2,2,4,129,2,2
1125,10,28,8,186,28,28
1126,15,134,12,231,119,119
1127,11,59,6,159,59,59
1128,2,2,4,128,2,2
1129,2,2,4,128,2,2
1130,8,163,2,80,120,120
1131,3,11,1,1,11,11
1132,2,2,4,128,2,2
1133,3,71,1,6,46,46
1134,3,4,2,38,4,4
1135,3,60,2,39,48,48
1136,3,143,2,60,124,124
1137,3,71,1,6,57,57
1138,3,174,2,54,37,37
1139,3,44,2,62,43,43
1140,3,181,2,74,46,46
1141,1,168,2,52,140,140
1142,11,59,6,159,59,59
1143,3,48,2,35,47,47
1144,1,110,1,18,103,103
1145,3,60,2,39,48,48
1146,3,182,2,68,149,149
1147,3,126,2,55,134,134
1148,5,16,7,181,16,16
1149,3,80,2,32,76,76
1150,3,13,2,34,13,13
1151,3,119,2,41,53,53
1152,8,24,11,228,24,24
1153,3,12,2,56,12,12
1154,3,21,2,36,21,21
1155,3,53,2,46,53,53
1156,3,20,2,43,20,20
1157,3,53,2,32,98,98
1158,9,43,9,194,42,42
1159,7,77,2,39,48,48
1160,3,72,2,42,69,69
1161,12,50,5,145,49,49
1162,5,16,7,181,16,16
1163,11,146,6,167,126,126
1164,1,168,2,52,140,140
1165,3,103,1,11,97,97
1166,3,11,1,1,11,11
1167,11,34,6,160,33,33
1168,15,128,12,233,102,102
1169,3,70,2,40,68,68
1170,3,104,2,44,99,99
1171,1,1,1,3,1,1
1172,3,71,1,6,57,57
1173,3,71,1,6,57,57
1174,13,183,3,108,146,146
1175,3,104,2,44,99,99
1176,2,2,4,128,2,2
1177,1,168,2,52,140,140
1178,10,123,9,197,112,112
1179,3,21,2,36,21,21
1180,3,83,2,53,107,107
1181,3,71,1,6,57,57
1182,3,11,1,1,11,11
1183,3,21,2,36,21,21
1184,3,75,1,19,71,71
1185,3,5,5,144,5,5
1186,3,143,2,60,124,124
1187,3,70,2,40,68,68
1188,12,50,5,145,49,49
1189,3,143,2,60,124,124
1190,11,59,6,159,59,59
1191,3,21,2,36,21,21
1192,3,103,1,11,97,97
1193,3,11,1,1,11,11
1194,3,184,2,49,50,50
1195,2,2,4,128,2,2
1196,11,34,6,160,33,33
1197,3,4,2,38,4,4
1198,3,53,2,46,4,4
1199,3,42,2,77,41,41
1200,3,143,2,60,124,124
1201,3,47,2,51,46,46
1202,9,150,9,195,42,42
1203,3,11,1,1,11,11
1204,3,60,2,39,48,48
1205,7,58,3,110,58,58
1206,12,50,5,145,49,49
1207,3,103,1,11,97,97
1208,3,44,2,62,43,43
1209,3,46,2,64,45,45
1210,3,11,1,1,11,11
1211,10,28,8,185,28,28
1212,3,143,2,60,124,124
1213,7,39,1,7,51,51
1214,2,185,4,142,150,150
1215,14,140,4,137,61,61
1216,3,186,1,17,151,151
1217,3,94,2,78,89,89
1218,3,3,2,49,50,50
1219,3,38,2,59,131,131
1220,3,155,2,59,131,131
1221,3,11,1,5,11,11
1222,3,119,2,49,50,50
1223,2,2,4,128,2,2
1224,1,1,1,3,1,1
1225,11,59,6,159,59,59
1226,3,182,2,68,149,149
1227,3,4,2,38,4,4
1228,2,2,4,129,2,2
1229,3,11,1,1,11,11
1230,3,13,2,34,13,13
1231,3,93,2,45,88,88
1232,3,85,2,54,37,37
1233,3,80,2,32,76,76
1234,3,89,1,4,85,85
1235,3,177,2,58,92,92
1236,15,134,12,230,119,119
1237,7,121,3,102,111,111
1238,3,153,2,70,129,129
1239,11,156,6,165,132,132
1240,3,187,2,73,152,152
1241,12,50,5,145,49,49
1242,3,69,2,50,104,104
1243,3,119,2,41,53,53
1244,3,88,2,33,84,84
1245,3,93,2,45,88,88
1246,3,126,2,50,115,115
1247,1,18,1,2,18,18
1248,3,70,2,40,68,68
1249,3,126,2,55,115,115
1250,3,3,2,49,50,50
1251,8,24,11,226,24,24
1252,3,38,2,61,123,123
1253,3,41,1,8,40,40
1254,3,184,5,145,49,49
1255,3,153,2,70,129,129
1256,3,49,2,39,48,48
1257,3,153,2,70,129,129
1258,3,179,2,63,8,8
1259,3,4,2,38,4,4
1260,6,106,10,212,101,101
1261,7,63,3,105,62,62
1262,3,11,1,12,11,11
1263,5,188,7,182,153,153
1264,3,107,2,47,67,67
1265,3,89,1,4,85,85
1266,2,2,4,128,2,2
1267,10,123,8,188,112,112
1268,1,18,1,2,18,18
1269,3,179,2,63,8,8
1270,3,47,2,53,46,46
1271,3,70,2,40,68,68
1272,3,71,1,6,57,57
1273,1,87,1,14,83,83
1274,7,58,9,193,58,58
1275,3,155,2,59,131,131
1276,3,93,2,45,88,88
1277,13,61,5,149,60,60
1278,3,179,2,63,8,8
1279,2,78,4,132,74,74
1280,3,138,2,83,106,106
1281,3,184,1,12,50,50
1282,3,155,2,59,131,131
1283,3,89,1,4,85,85
1284,3,3,2,37,3,3
1285,3,11,1,1,11,11
1286,3,88,2,33,84,84
1287,3,69,2,50,104,104
1288,3,80,2,32,76,76
1289,13,113,3,124,146,146
1290,3,42,2,77,41,41
1291,3,60,2,39,48,48
1292,3,119,2,49,50,50
1293,11,59,6,159,59,59
1294,3,133,2,58,123,123
1295,3,60,2,39,48,48
1296,2,10,4,130,10,10
1297,3,186,1,17,151,151
1298,3,20,2,43,20,20
1299,3,60,2,39,48,48
1300,3,38,2,61,123,123
1301,3,11,1,12,11,11
1302,7,136,3,121,121,121
1303,3,48,2,35,47,47
1304,11,156,6,165,132,132
1305,10,28,8,186,28,28
1306,3,69,2,50,104,104
1307,3,80,2,47,67,67
1308,1,168,2,52,140,140
1309,3,80,2,32,76,76
1310,13,79,5,154,75,75
1311,11,59,6,166,59,59
1312,3,178,2,71,147,147
1313,3,88,2,33,84,84
1314,7,121,3,102,111,111
1315,3,176,2,42,69,69
1316,11,59,6,159,59,59
1317,3,143,2,60,124,124
1318,9,167,9,200,139,139
1319,3,42,2,77,41,41
1320,7,77,3,106,52,52
1321,11,59,6,159,59,59
1322,1,18,1,2,18,18
1323,3,89,1,4,85,85
1324,3,41,1,8,40,40
1325,3,20,2,43,20,20
1326,3,11,1,12,11,11
1327,7,63,3,105,62,62
1328,3,178,2,71,147,147
1329,3,119,2,41,53,53
1330,3,73,5,146,79,79
1331,3,21,2,46,21,21
1332,9,167,9,200,139,139
1333,9,43,9,191,42,42
1334,3,103,2,67,97,97
1335,3,153,2,70,129,129
1336,3,155,2,59,131,131
1337,3,4,2,38,4,4
1338,3,182,2,68,149,149
1339,8,105,11,222,100,100
1340,3,80,2,47,67,67
1341,2,2,4,128,2,2
1342,3,4,2,38,4,4
1343,3,179,2,63,8,8
1344,3,11,1,5,11,11
1345,11,139,6,161,122,122
1346,3,88,2,33,84,84
1347,8,142,11,224,70,70
1348,7,63,3,105,62,62
1349,3,107,2,47,67,67
1350,3,38,2,50,131,131
1351,3,88,2,33,84,84
1352,7,120,3,106,52,52
1353,9,159,9,198,135,135
1354,3,4,2,38,4,4
1355,1,168,2,52,140,140
1356,3,69,2,50,104,104
1357,2,78,4,132,74,74
1358,3,178,2,71,147,147
1359,3,46,2,64,45,45
1360,3,80,2,32,76,76
1361,3,72,2,42,69,69
1362,10,33,8,187,32,32
1363,3,88,2,33,84,84
1364,3,182,2,68,149,149
1365,3,60,2,39,48,48
1366,5,189,5,155,79,79
1367,3,153,2,70,129,129
1368,9,43,9,191,42,42
1369,3,93,2,45,88,88
1370,3,73,5,146,79,79
1371,14,140,4,137,61,61
1372,15,109,12,229,102,102
1373,9,26,9,192,26,26
1374,3,89,1,4,85,85
1375,3,184,1,12,50,50
1376,1,37,1,9,36,36
1377,3,11,1,5,11,11
1378,3,114,2,48,107,107
1379,3,76,2,72,72,72
1380,3,60,2,39,48,48
1381,3,178,2,71,147,147
1382,5,190,7,177,7,7
1383,5,188,7,182,153,153
1384,3,69,2,50,104,104
1385,3,104,2,44,99,99
1386,3,138,9,196,106,106
1387,3,19,2,69,19,19
1388,3,47,2,32,46,46
1389,3,177,2,58,92,92
1390,3,182,2,68,149,149
1391,3,191,2,79,154,154
1392,3,88,2,33,84,84
1393,9,147,9,202,127,127
1394,2,78,4,132,74,74
1395,11,34,6,160,33,33
1396,3,102,2,57,96,96
1397,3,13,2,34,13,13
1398,3,88,2,33,84,84
1399,3,4,2,38,4,4
1400,2,2,4,129,2,2
1401,9,167,9,200,139,139
1402,12,50,5,145,49,49
1403,3,126,2,55,115,115
1404,3,12,2,56,12,12
1405,3,21,2,36,21,21
1406,3,181,2,74,46,46
1407,6,124,2,41,113,113
1408,3,187,2,73,152,152
1409,3,38,2,59,131,131
1410,3,119,2,66,56,56
1411,3,12,2,56,12,12
1412,3,126,2,55,115,115
1413,3,80,2,32,76,76
1414,3,177,2,58,92,92
1415,3,187,2,73,51,51
1416,3,48,2,35,47,47
1417,3,71,1,16,57,57
1418,1,192,1,24,155,155
1419,3,56,2,57,56,56
1420,3,12,2,56,12,12
1421,3,44,2,62,43,43
1422,3,4,2,38,4,4
1423,3,70,2,40,68,68
1424,3,72,2,42,69,69
1425,3,48,2,35,47,47
1426,3,179,2,61,123,123
1427,3,191,2,79,154,154
1428,3,72,5,148,5,5
1429,3,88,2,33,84,84
1430,3,193,2,76,156,156
1431,3,83,2,53,80,80
1432,3,38,2,59,131,131
1433,3,97,2,41,92,92
1434,3,93,2,45,88,88
1435,3,88,2,33,84,84
1436,3,41,1,8,40,40
1437,3,119,2,66,56,56
1438,3,153,2,70,129,129
1439,3,38,2,54,37,37
1440,3,19,2,69,19,19
1441,3,38,2,61,123,123
1442,3,114,2,48,107,107
1443,3,47,2,32,46,46
1444,3,133,2,85,136,136
1445,3,88,2,33,84,84
1446,3,178,2,71,129,129
1447,3,193,2,76,156,156
1448,3,83,2,53,80,80
1449,3,80,2,32,76,76
1450,3,107,2,47,67,67
1451,3,102,2,35,96,96
1452,3,126,2,55,115,115
1453,3,178,2,71,129,129
1454,3,102,2,57,96,96
1455,1,168,2,52,140,140
1456,3,38,2,61,123,123
1457,3,93,2,45,88,88
1458,3,80,2,32,76,76
1459,3,102,2,35,96,96
1460,3,93,2,45,88,88
1461,3,83,2,53,80,80
1462,3,175,2,92,145,145
1463,3,41,1,8,40,40
1464,3,69,2,50,104,104
1465,3,93,2,45,88,88
1466,3,152,2,75,129,129
1467,3,104,2,44,99,99
1468,3,119,2,66,56,56
1469,3,114,2,48,107,107
1470,3,3,2,49,50,50
1471,3,177,5,147,39,39
1472,7,17,3,99,17,17
1473,3,85,2,54,37,37
1474,3,194,2,84,157,157
1475,3,70,2,40,68,68
1476,3,182,2,68,149,149
1477,3,169,1,20,141,141
1478,3,182,2,68,149,149
1479,3,11,1,1,11,11
1480,3,152,2,75,129,129
1481,3,80,2,32,76,76
1482,3,80,2,32,76,76
1483,3,47,2,32,46,46
1484,3,182,2,68,149,149
1485,3,44,2,62,43,43
1486,3,88,2,33,84,84
1487,3,47,2,32,46,46
1488,3,13,2,34,13,13
1489,1,168,2,52,140,140
1490,1,1,1,3,1,1
1491,3,102,2,57,96,96
1492,3,80,2,32,76,76
1493,3,71,1,6,57,57
1494,3,133,2,85,136,136
1495,3,107,2,47,67,67
1496,3,70,2,40,68,68
1497,3,85,2,54,37,37
1498,3,119,2,66,56,56
1499,3,126,2,50,115,115
1500,3,133,2,85,136,136
1501,3,177,2,58,92,92
1502,3,44,2,62,43,43
1503,3,107,2,47,67,67
1504,3,191,2,79,154,154
1505,3,88,2,33,84,84
1506,3,11,1,1,11,11
1507,3,38,2,59,131,131
1508,3,133,2,85,136,136
1509,3,194,2,84,157,157
1510,3,72,2,42,69,69
1511,3,71,1,16,57,57
1512,3,80,2,32,76,76
1513,3,119,2,66,56,56
1514,3,143,2,60,124,124
1515,3,119,2,66,56,56
1516,3,82,2,65,78,78
1517,3,83,2,53,80,80
1518,3,179,2,63,8,8
1519,3,93,2,45,88,88
1520,3,193,2,76,156,156
1521,3,182,2,68,149,149
1522,3,53,2,32,98,98
1523,3,194,2,84,157,157
1524,3,194,2,84,157,157
1525,3,19,2,69,19,19
1526,3,88,2,33,84,84
1527,3,102,2,35,96,96
1528,3,181,2,74,46,46
1529,3,194,2,84,157,157
1530,3,47,2,32,46,46
1531,3,102,2,41,92,92
1532,3,38,2,61,123,123
1533,3,53,2,46,53,53
1534,3,48,2,35,47,47
1535,3,85,2,54,37,37
1536,3,4,2,38,4,4
1537,3,102,2,35,96,96
1538,3,193,2,76,156,156
1539,3,53,2,46,21,21
1540,3,48,2,35,47,47
1541,3,11,1,1,11,11
1542,3,11,1,1,11,11
1543,3,11,1,1,11,11
1544,3,177,2,58,92,92
1545,3,119,2,66,56,56
1546,3,80,2,47,67,67
1547,3,88,2,33,84,84
1548,3,187,2,73,152,152
1549,1,192,1,24,155,155
1550,3,195,2,94,76,76
1551,3,40,5,147,39,39
1552,3,119,2,41,53,53
1553,3,93,2,45,88,88
1554,3,47,2,32,46,46
1555,3,80,2,32,76,76
1556,3,3,2,37,3,3
1557,3,177,2,58,92,92
1558,3,3,2,49,50,50
1559,3,102,2,57,96,96
1560,3,187,2,73,152,152
1561,3,19,2,69,19,19
1562,3,41,1,8,40,40
1563,3,88,2,33,84,84
1564,3,80,2,47,67,67
1565,3,177,2,58,92,92
1566,3,169,1,20,141,141
1567,3,133,2,85,136,136
1568,3,107,2,41,92,92
1569,3,53,2,46,53,53
1570,3,187,2,73,152,152
1571,3,114,2,48,107,107
1572,3,80,2,32,76,76
1573,3,11,1,1,11,11
1574,3,8,2,63,8,8
1575,3,193,2,76,156,156
1576,3,44,2,62,43,43
1577,3,103,2,67,97,97
1578,3,107,2,48,67,67
1579,3,66,5,156,64,64
1580,3,44,2,62,43,43
1581,3,182,2,68,149,149
1582,3,44,2,62,43,43
1583,3,13,2,34,13,13
1584,3,71,1,6,57,57
1585,3,38,2,61,123,123
1586,3,46,2,64,45,45
1587,3,194,2,84,157,157
1588,3,38,2,59,131,131
1589,3,104,2,44,99,99
1590,3,191,2,79,154,154
1591,3,53,2,32,98,98
1592,3,152,2,75,107,107
1593,3,191,2,79,154,154
1594,3,107,2,47,67,67
1595,3,20,2,43,20,20
1596,3,40,5,147,39,39
1597,3,40,5,147,39,39
1598,3,47,2,32,46,46
1599,3,19,2,69,19,19
1600,3,38,2,61,123,123
1601,3,48,2,35,47,47
1602,3,72,2,42,69,69
1603,7,125,3,107,114,114
1604,3,29,2,86,29,29
1605,10,33,8,187,32,32
1606,7,52,3,111,52,52
1607,5,129,7,176,106,106
1608,2,31,4,133,23,23
1609,10,33,2,49,50,50
1610,7,17,3,99,17,17
1611,2,65,4,135,10,10
1612,11,59,6,159,59,59
1613,7,117,3,118,117,117
1614,7,196,3,113,144,144
1615,3,47,2,51,46,46
1616,7,197,3,114,73,73
1617,3,195,2,94,76,76
1618,7,120,3,106,52,52
1619,7,77,3,107,73,73
1620,7,84,3,108,81,81
1621,3,47,2,51,46,46
1622,7,136,3,121,121,121
1623,7,17,3,99,17,17
1624,8,74,11,221,70,70
1625,6,124,10,208,113,113
1626,7,108,3,104,44,44
1627,7,198,3,113,144,144
1628,7,52,3,111,52,52
1629,5,36,7,169,35,35
1630,7,84,3,108,81,81
1631,6,124,10,208,113,113
1632,5,190,7,175,7,7
1633,7,199,3,119,158,158
1634,7,39,3,101,38,38
1635,15,109,12,234,102,102
1636,3,80,2,32,76,76
1637,6,15,10,211,15,15
1638,5,188,7,178,153,153
1639,2,2,4,128,2,2
1640,4,9,13,238,9,9
1641,13,183,3,123,146,146
1642,7,199,3,119,158,158
1643,5,30,7,171,30,30
1644,7,17,3,99,17,17
1645,7,17,3,99,17,17
1646,7,17,3,99,17,17
1647,7,77,3,100,73,73
1648,7,198,3,113,144,144
1649,7,77,3,100,73,73
1650,7,77,3,100,73,73
1651,14,164,3,122,44,44
1652,3,119,2,41,53,53
1653,2,10,4,139,10,10
1654,12,50,5,145,49,49
1655,5,188,7,178,153,153
1656,7,197,3,114,73,73
1657,7,120,3,106,52,52
1658,7,199,3,119,158,158
1659,5,7,7,179,7,7
1660,3,42,2,77,41,41
1661,3,69,2,50,67,67
1662,13,183,3,123,146,146
1663,7,84,3,107,81,81
1664,3,200,1,5,159,159
1665,3,97,2,41,92,92
1666,7,77,3,103,73,73
1667,3,141,2,61,123,123
1668,3,175,2,92,145,145
1669,7,17,3,99,17,17
1670,7,136,3,117,121,121
1671,12,50,5,145,49,49
1672,2,65,4,135,10,10
1673,5,188,7,183,153,153
1674,5,14,7,170,14,14
1675,12,130,2,87,118,118
1676,7,17,3,99,17,17
1677,5,96,7,173,91,91
1678,7,77,3,100,73,73
1679,5,190,7,175,7,7
1680,7,39,3,101,38,38
1681,13,180,3,108,148,148
1682,8,74,11,223,70,70
1683,2,2,4,128,2,2
1684,3,97,2,41,92,92
1685,4,92,13,236,87,87
1686,7,77,3,100,73,73
1687,13,183,3,123,146,146
1688,7,77,3,100,73,73
1689,2,201,4,138,2,2
1690,7,77,3,107,73,73
1691,3,114,2,48,107,107
1692,7,77,3,100,73,73
1693,8,74,11,221,70,70
1694,7,17,3,99,17,17
1695,5,16,7,180,16,16
1696,3,3,2,49,50,50
1697,3,176,2,42,69,69
1698,11,34,6,160,33,33
1699,7,77,3,107,73,73
1700,5,190,7,175,7,7
1701,3,3,2,49,50,50
1702,7,77,3,107,73,73
1703,7,108,3,104,44,44
1704,5,7,7,179,7,7
1705,12,68,2,89,66,66
1706,14,164,3,122,44,44
1707,7,77,3,100,73,73
1708,6,124,10,207,113,113
1709,3,83,2,53,80,80
1710,5,14,7,170,14,14
1711,5,189,5,155,30,30
1712,4,92,13,239,87,87
1713,8,74,11,221,70,70
1714,7,52,3,111,52,52
1715,8,24,11,218,24,24
1716,7,17,3,99,17,17
1717,7,45,3,104,44,44
1718,7,39,3,101,38,38
1719,3,179,2,63,8,8
1720,7,17,3,99,17,17
1721,7,77,3,114,73,73
1722,3,97,2,41,92,92
1723,7,136,3,117,121,121
1724,2,2,4,128,2,2
1725,3,5,5,143,5,5
1726,7,17,3,99,17,17
1727,7,17,3,99,17,17
1728,6,15,10,209,15,15
1729,14,62,4,134,61,61
1730,7,77,3,100,73,73
1731,3,202,2,98,68,68
1732,7,17,3,99,17,17
1733,7,77,3,100,73,73
1734,7,45,3,113,144,144
1735,7,117,3,109,17,17
1736,11,59,6,166,59,59
1737,5,188,7,178,153,153
1738,11,59,6,159,59,59
1739,7,77,3,103,73,73
1740,5,189,5,155,30,30
1741,12,130,2,87,118,118
1742,14,62,4,134,61,61
1743,6,35,10,214,34,34
1744,7,108,3,104,44,44
1745,8,81,11,219,77,77
1746,7,198,3,113,144,144
1747,7,77,3,103,73,73
1748,14,62,4,134,61,61
1749,3,97,2,41,92,92
1750,6,15,10,211,15,15
1751,5,188,7,183,153,153
1752,7,39,3,101,38,38
1753,7,77,3,107,73,73
1754,5,188,7,178,153,153
1755,5,30,7,184,30,30
1756,13,180,3,125,148,148
1757,7,77,3,107,73,73
1758,6,124,10,208,113,113
1759,1,87,1,14,83,83
1760,7,117,3,109,17,17
1761,7,197,3,114,73,73
1762,7,39,3,109,38,38
1763,7,77,3,100,73,73
1764,7,77,3,107,73,73
1765,7,197,3,114,73,73
1766,7,17,3,99,17,17
1767,7,17,3,99,17,17
1768,8,81,11,219,77,77
1769,7,17,3,99,17,17
1770,6,124,10,208,113,113
1771,13,180,3,125,148,148
1772,7,120,3,106,52,52
1773,7,17,3,99,17,17
1774,5,30,7,171,30,30
1775,5,190,7,177,7,7
1776,7,77,3,107,73,73
1777,6,124,10,207,113,113
1778,7,77,3,103,73,73
1779,3,80,2,32,76,76
1780,2,2,4,128,2,2
1781,7,120,3,106,52,52
1782,7,196,3,113,144,144
1783,5,36,7,169,35,35
1784,15,109,12,232,102,102
1785,3,97,2,41,92,92
1786,7,77,3,107,73,73
1787,11,34,6,160,33,33
1788,1,203,1,27,18,18
1789,7,39,3,101,38,38
1790,7,17,3,99,17,17
1791,3,200,1,5,159,159
1792,3,95,5,153,90,90
1793,7,136,3,117,121,121
1794,7,77,3,100,73,73
1795,6,124,10,207,113,113
1796,6,35,10,214,34,34
1797,3,3,2,49,50,50
1798,8,142,11,224,70,70
1799,8,142,11,224,70,70
1800,7,77,3,103,73,73
1801,7,17,3,99,17,17
1802,7,120,3,106,52,52
1803,7,108,3,104,44,44
1804,4,6,13,237,6,6
1805,5,16,7,180,16,16
1806,4,9,13,235,9,9
1807,3,21,2,36,21,21
1808,1,18,1,2,18,18
1809,9,26,9,192,26,26
1810,5,36,7,169,35,35
1811,10,28,8,186,28,28
1812,1,1,1,3,1,1
1813,7,39,3,101,38,38
1814,3,90,1,2,18,18
1815,5,30,7,171,30,30
1816,2,10,4,130,10,10
1817,3,5,5,144,5,5
1818,3,46,2,64,45,45
1819,3,46,2,64,45,45
1820,3,49,2,39,48,48
1821,3,48,2,35,47,47
1822,11,34,6,160,33,33
1823,9,43,9,191,42,42
1824,12,50,5,145,49,49
1825,3,3,2,49,50,50
1826,3,54,1,13,54,54
1827,1,55,1,25,55,55
1828,5,16,7,181,16,16
1829,11,34,6,160,33,33
1830,3,3,2,37,3,3
1831,3,57,1,31,57,57
1832,5,14,7,170,14,14
1833,7,64,3,116,63,63
1834,3,20,2,43,20,20
1835,2,22,5,152,22,22
1836,13,61,5,149,60,60
1837,14,62,4,134,61,61
1838,3,12,2,56,12,12
1839,3,67,2,96,65,65
1840,1,1,1,3,1,1
1841,12,68,2,88,66,66
1842,12,50,5,145,49,49
1843,3,69,2,50,104,104
1844,12,50,5,145,49,49
1845,8,74,11,221,70,70
1846,3,72,2,42,69,69
1847,2,10,4,130,10,10
1848,7,39,3,101,38,38
1849,7,25,3,112,25,25
1850,3,82,2,65,78,78
1851,5,30,7,171,30,30
1852,6,86,10,217,82,82
1853,7,39,3,101,38,38
1854,1,1,1,3,1,1
1855,13,79,5,154,75,75
1856,1,18,1,2,18,18
1857,1,18,1,2,18,18
1858,4,92,13,239,87,87
1859,3,93,2,45,88,88
1860,5,96,7,172,91,91
1861,7,58,3,115,58,58
1862,4,92,13,236,87,87
1863,3,89,1,4,85,85
1864,2,22,5,151,22,22
1865,3,53,2,46,4,4
1866,5,14,7,170,14,14
1867,3,11,1,5,11,11
1868,4,92,13,236,87,87
1869,2,101,4,136,95,95
1870,5,14,7,170,14,14
1871,8,24,11,218,24,24
1872,1,203,1,27,18,18
1873,3,102,2,35,96,96
1874,3,53,2,32,98,98
1875,6,15,10,209,15,15
1876,4,9,13,238,9,9
1877,4,9,13,235,9,9
1878,1,91,1,21,86,86
1879,8,105,11,222,100,100
1880,3,83,2,53,80,80
1881,1,18,1,2,18,18
1882,6,106,10,212,101,101
1883,2,2,4,129,2,2
1884,1,1,1,3,1,1
1885,3,13,2,34,13,13
1886,7,108,3,104,44,44
1887,15,109,12,229,102,102
1888,6,106,10,215,101,101
1889,3,73,5,153,79,79
1890,3,100,1,15,94,94
1891,7,58,3,110,58,58
1892,6,112,10,210,34,34
1893,3,85,2,54,37,37
1894,12,50,5,145,49,49
1895,3,90,5,148,39,39
1896,3,73,5,155,79,79
1897,3,5,5,144,5,5
1898,3,116,2,95,109,109
1899,1,110,1,18,103,103
1900,7,17,3,99,17,17
1901,3,49,9,193,48,48
1902,12,50,5,157,49,49
1903,5,36,7,169,35,35
1904,3,89,1,4,85,85
1905,1,37,1,9,36,36
1906,2,2,4,128,2,2
1907,5,99,7,177,7,7
1908,7,58,3,115,58,58
1909,6,15,10,211,15,15
1910,9,118,9,201,110,110
1911,3,119,2,66,53,53
1912,7,45,3,102,44,44
1913,1,18,1,2,18,18
1914,7,45,3,102,44,44
1915,1,1,1,3,1,1
1916,3,94,2,78,89,89
1917,6,106,10,215,101,101
1918,2,65,5,148,5,5
1919,3,95,5,153,90,90
1920,7,108,3,120,44,44
1921,6,124,10,207,113,113
1922,14,62,4,134,61,61
1923,6,112,10,210,34,34
1924,1,18,1,2,18,18
1925,7,132,9,204,58,58
1926,3,126,2,55,115,115
1927,5,14,7,170,14,14
1928,3,76,2,72,72,72
1929,4,92,13,236,87,87
1930,8,105,11,222,100,100
1931,3,13,2,34,13,13
1932,15,128,12,233,102,102
1933,2,22,5,150,22,22
1934,2,2,4,128,2,2
1935,1,127,1,30,116,116
1936,7,117,3,118,117,117
1937,3,100,1,15,94,94
1938,3,54,1,13,54,54
1939,3,103,2,67,97,97
1940,7,84,3,108,81,81
1941,5,188,7,183,153,153
1942,7,84,3,108,81,81
1943,7,39,3,101,38,38
1944,1,51,1,23,51,51
1945,3,41,1,8,40,40
1946,3,126,2,55,115,115
1947,7,39,3,101,38,38
1948,7,45,3,102,44,44
1949,3,181,2,74,46,46
1950,6,35,10,214,34,34
1951,7,131,2,43,20,20
1952,7,117,3,118,117,117
1953,2,31,4,133,23,23
1954,2,31,4,133,23,23
1955,7,132,9,204,58,58
1956,3,137,2,91,98,98
1957,3,100,1,15,94,94
1958,3,89,1,4,85,85
1959,8,135,2,81,120,120
1960,3,107,2,47,67,67
1961,11,139,6,161,122,122
1962,7,58,9,193,58,58
1963,7,77,3,103,73,73
1964,3,69,2,50,104,104
1965,7,64,3,116,63,63
1966,3,66,5,156,64,64
1967,15,134,12,230,119,119
1968,3,5,5,143,5,5
1969,11,139,6,161,122,122
1970,2,98,11,220,93,93
1971,9,172,9,206,143,143
1972,3,48,2,35,47,47
1973,2,115,4,140,108,108
1974,3,145,1,28,57,57
1975,11,146,6,167,126,126
1976,15,109,12,229,102,102
1977,3,70,2,40,68,68
1978,15,109,12,229,102,102
1979,3,38,2,61,123,123
1980,9,148,9,199,128,128
1981,10,28,8,185,28,28
1982,3,47,2,32,46,46
1983,11,149,6,168,59,59
1984,3,21,2,36,21,21
1985,7,64,3,116,63,63
1986,3,151,5,158,48,48
1987,3,76,2,72,72,72
1988,7,63,3,105,62,62
1989,3,76,2,72,72,72
1990,3,5,5,143,5,5
1991,3,56,2,57,56,56
1992,1,27,1,10,27,27
1993,3,82,2,65,78,78
1994,3,5,5,143,5,5
1995,6,154,10,213,130,130
1996,11,156,6,165,132,132
1997,8,135,2,81,120,120
1998,5,16,7,181,16,16
1999,7,77,3,100,73,73
2000,8,81,11,219,77,77
2001,11,157,6,164,133,133
2002,3,155,2,59,131,131
2003,3,158,2,55,134,134
2004,3,158,2,55,134,134
2005,5,129,7,176,106,106
2006,11,139,6,161,122,122
2007,3,21,2,36,21,21
2008,6,124,10,207,113,113
2009,3,11,1,5,11,11
2010,3,8,2,63,8,8
2011,9,159,9,198,135,135
2012,9,43,9,194,42,42
2013,9,43,9,191,42,42
2014,3,160,2,46,53,53
2015,7,120,3,106,52,52
2016,5,7,7,175,7,7
2017,7,45,3,102,44,44
2018,11,139,6,161,122,122
2019,2,22,5,150,22,22
2020,3,41,1,8,40,40
2021,3,47,2,51,46,46
2022,8,163,2,80,120,120
2023,14,164,3,122,44,44
2024,11,144,6,163,125,125
2025,3,80,2,32,76,76
2026,3,88,2,33,84,84
2027,3,88,2,33,84,84
2028,9,161,9,190,137,137
2029,12,130,2,87,118,118
2030,3,48,2,35,47,47
2031,3,3,2,37,3,3
2032,9,150,9,195,42,42
2033,3,21,2,36,21,21
2034,3,165,2,93,76,76
2035,9,150,11,225,93,93
2036,3,66,5,156,64,64
2037,3,40,5,147,39,39
2038,9,26,9,192,26,26
2039,7,166,3,127,138,138
2040,3,48,2,35,47,47
2041,3,71,1,6,46,46
2042,9,150,9,205,42,42
2043,3,107,2,47,67,67
2044,2,98,11,220,93,93
2045,15,134,12,231,119,119
2046,3,70,2,45,68,68
2047,8,163,2,82,120,120
2048,11,157,6,164,133,133
2049,2,22,5,150,22,22
2050,2,170,4,141,142,142
2051,11,144,6,163,125,125
2052,3,67,2,96,65,65
2053,3,19,2,69,19,19
2054,8,24,11,218,24,24
2055,8,24,11,218,24,24
2056,3,4,2,38,4,4
2057,3,162,2,97,48,48
2058,3,173,2,74,46,46
2059,3,138,2,83,106,106
2060,3,88,2,33,84,84
2061,3,138,2,83,106,106
2062,2,2,4,128,2,2
2063,7,198,3,113,144,144
2064,3,104,2,44,99,99
2065,3,104,2,44,99,99
2066,13,79,5,154,75,75
2067,3,174,2,54,37,37
2068,11,139,6,161,122,122
2069,3,175,2,92,145,145
2070,11,139,6,161,122,122
2071,8,24,11,227,24,24
2072,9,159,9,198,135,135
2073,7,121,3,102,111,111
2074,8,142,2,90,99,99
2075,15,109,12,232,102,102
2076,3,42,2,77,41,41
2077,3,174,2,54,37,37
2078,13,113,3,124,146,146
2079,9,161,9,190,137,137
2080,3,193,2,76,156,156
2081,6,154,10,213,130,130
2082,3,82,2,65,78,78
2083,7,77,3,100,73,73
2084,1,168,2,52,140,140
2085,8,105,11,222,100,100
2086,3,126,2,50,115,115
2087,3,42,2,77,41,41
2088,9,161,9,190,137,137
2089,3,104,2,44,99,99
2090,3,138,2,83,106,106
2091,3,56,2,57,56,56
2092,7,121,3,102,111,111
2093,3,20,2,43,20,20
2094,6,124,10,216,113,113
2095,9,26,9,192,26,26
2096,5,96,7,174,7,7
2097,3,42,2,77,41,41
2098,6,112,10,210,34,34
2099,3,38,2,61,123,123
2100,3,169,1,20,141,141
2101,13,180,3,126,148,148
2102,7,63,3,105,62,62
2103,3,73,5,155,79,79
2104,5,99,7,177,7,7
2105,11,144,6,162,125,125
2106,3,143,2,60,124,124
2107,8,81,11,219,77,77
2108,3,56,2,57,56,56
2109,9,161,9,190,137,137
2110,3,126,2,55,134,134
2111,9,161,9,190,137,137
2112,1,87,1,14,83,83
2113,3,119,2,41,53,53
2114,3,138,2,83,106,106
2115,11,157,6,164,133,133
2116,11,157,6,164,133,133
2117,10,123,9,197,112,112
2118,3,42,2,77,41,41
2119,3,5,5,143,5,5
2120,3,82,2,65,78,78
2121,3,82,2,65,78,78
2122,3,75,1,19,71,71
2123,9,161,9,190,137,137
2124,1,27,1,10,27,27
2125,2,10,4,130,10,10
2126,15,109,12,229,102,102
2127,3,11,1,1,11,11
2128,7,58,3,110,58,58
2129,3,138,2,83,106,106
2130,3,88,2,33,84,84
2131,2,185,4,142,150,150
2132,3,176,2,42,69,69
2133,14,140,4,137,61,61
2134,3,186,1,17,151,151
2135,3,186,1,17,151,151
2136,9,161,9,190,137,137
2137,5,188,7,182,153,153
2138,3,182,2,68,149,149
2139,3,187,2,73,152,152
2140,9,161,9,190,137,137
2141,7,136,3,121,121,121
2142,3,73,5,146,79,79
2143,1,122,1,26,1,1
2144,3,13,2,34,13,13
2145,8,24,11,226,24,24
2146,8,142,2,90,99,99
2147,9,161,9,190,137,137
2148,8,135,2,81,120,120
2149,3,126,2,55,115,115
2150,7,121,3,102,111,111
2151,7,121,3,102,111,111
2152,3,49,9,193,48,48
2153,3,42,2,77,41,41
2154,3,126,2,55,115,115
2155,3,179,2,63,8,8
2156,3,29,2,86,29,29
2157,7,121,3,102,111,111
2158,7,121,3,102,111,111
2159,3,42,2,77,41,41
2160,3,89,1,4,85,85
2161,9,161,9,190,137,137
2162,3,80,2,47,67,67
2163,7,121,3,102,111,111
2164,11,139,6,161,122,122
2165,3,178,2,71,129,129
2166,9,161,9,190,137,137
2167,3,41,1,8,40,40
2168,3,41,1,8,40,40
2169,8,81,11,219,77,77
2170,7,77,3,106,52,52
2171,3,93,1,1,88,88
2172,9,161,9,190,137,137
2173,3,42,2,77,41,41
2174,11,144,6,162,125,125
2175,11,34,6,160,33,33
2176,10,33,8,187,32,32
2177,9,161,9,190,137,137
2178,7,63,3,105,62,62
2179,3,41,1,8,40,40
2180,7,63,3,105,62,62
2181,9,43,9,194,42,42
2182,6,112,10,210,34,34
2183,11,157,6,164,133,133
2184,6,112,10,210,34,34
2185,8,81,11,219,77,77
2186,8,81,11,219,77,77
2187,3,191,2,79,154,154
2188,10,123,9,197,112,112
2189,9,147,9,202,127,127
2190,2,2,4,128,2,2
2191,3,181,2,74,46,46
2192,1,37,1,9,36,36
2193,12,50,5,145,49,49
2194,3,53,2,46,21,21
2195,3,3,2,49,50,50
2196,3,21,2,36,21,21
2197,3,38,2,59,131,131
2198,3,12,2,56,12,12
2199,3,80,2,32,76,76
2200,3,88,2,33,84,84
2201,3,80,2,32,76,76
2202,3,80,2,47,67,67
2203,3,71,1,16,57,57
2204,3,71,1,16,57,57
2205,3,13,2,34,13,13
2206,3,44,2,62,43,43
2207,3,48,2,35,47,47
2208,3,85,2,54,37,37
2209,3,102,2,57,96,96
2210,3,107,2,47,67,67
2211,3,93,2,45,88,88
2212,3,133,2,41,88,88
2213,3,194,2,84,157,157
2214,3,182,2,68,149,149
2215,3,171,2,58,92,92
2216,3,171,2,58,92,92
2217,3,171,2,58,92,92
2218,3,102,2,57,96,96
2219,3,11,1,1,11,11
2220,3,177,5,147,39,39
2221,3,153,2,70,129,129
2222,3,48,2,35,47,47
2223,3,38,2,61,123,123
2224,3,182,2,68,149,149
2225,3,76,2,72,72,72
2226,3,94,2,78,89,89
2227,3,191,2,79,154,154
2228,3,38,2,61,123,123
2229,3,119,2,41,53,53
2230,3,104,2,44,99,99
2231,3,104,2,44,99,99
2232,3,11,1,1,11,11
2233,3,187,2,73,152,152
2234,1,192,1,24,155,155
2235,3,11,1,1,11,11
2236,3,181,2,74,46,46
2237,1,18,1,2,18,18
2238,1,18,1,2,18,18
2239,3,47,2,32,46,46
2240,3,53,2,46,53,53
2241,3,29,2,86,29,29
2242,7,52,3,111,52,52
2243,2,31,4,133,23,23
2244,2,65,4,135,10,10
2245,11,59,6,159,59,59
2246,7,196,3,113,144,144
2247,7,197,3,114,73,73
2248,5,96,7,172,91,91
2249,7,120,3,106,52,52
2250,7,84,3,108,81,81
2251,7,84,3,108,81,81
2252,7,84,3,108,81,81
2253,3,72,2,42,69,69
2254,5,96,7,172,91,91
2255,8,74,11,221,70,70
2256,7,17,3,99,17,17
2257,7,45,3,104,44,44
2258,7,136,3,117,121,121
2259,7,17,3,99,17,17
2260,7,17,3,99,17,17
2261,3,184,2,49,50,50
2262,7,17,3,99,17,17
2263,7,17,3,99,17,17
2264,7,17,3,99,17,17
2265,5,7,7,175,7,7
2266,5,7,7,175,7,7
2267,5,190,7,175,7,7
2268,7,199,3,119,158,158
2269,8,81,11,219,77,77
2270,3,176,2,42,69,69
2271,2,98,11,220,93,93
2272,15,109,12,234,102,102
2273,5,188,7,178,153,153
2274,5,188,7,178,153,153
2275,5,7,7,179,7,7
2276,3,95,5,153,90,90
2277,3,95,5,153,90,90
2278,7,120,3,106,52,52
2279,3,95,5,153,90,90
2280,5,7,7,179,7,7
2281,5,7,7,179,7,7
2282,5,7,7,179,7,7
2283,13,183,3,123,146,146
2284,2,2,4,128,2,2
2285,5,96,7,173,91,91
2286,5,96,7,173,91,91
2287,7,77,3,100,73,73
2288,7,77,3,100,73,73
2289,5,190,7,177,7,7
2290,3,103,2,67,97,97
2291,9,172,9,206,143,143
2292,13,180,3,126,148,148
2293,3,3,2,49,50,50
2294,7,77,3,100,73,73
2295,7,77,3,100,73,73
2296,13,183,3,123,146,146
2297,2,201,4,138,2,2
2298,7,39,3,109,38,38
2299,3,195,2,94,76,76
2300,3,176,2,42,69,69
2301,8,24,11,218,24,24
2302,2,98,11,220,93,93
2303,12,68,2,89,66,66
2304,6,124,10,207,113,113
2305,5,14,7,170,14,14
2306,3,104,2,44,99,99
2307,7,39,3,101,38,38
2308,7,58,3,110,58,58
2309,7,58,3,110,58,58
2310,7,58,3,110,58,58
2311,7,136,3,117,121,121
2312,3,97,2,41,92,92
2313,3,176,2,42,69,69
2314,7,58,3,110,58,58
2315,7,58,3,110,58,58
2316,6,15,10,209,15,15
2317,14,62,4,134,61,61
2318,14,62,4,134,61,61
2319,14,62,4,134,61,61
2320,7,77,3,100,73,73
2321,7,77,3,100,73,73
2322,7,77,3,100,73,73
2323,3,202,2,98,68,68
2324,7,77,3,100,73,73
2325,7,84,3,108,81,81
2326,12,50,5,145,49,49
2327,12,50,5,145,49,49
2328,3,97,2,41,92,92
2329,6,124,10,207,113,113
2330,6,124,10,207,113,113
2331,8,24,11,218,24,24
2332,8,24,11,218,24,24
2333,13,180,3,125,148,148
2334,8,24,11,228,24,24
2335,6,124,10,208,113,113
2336,6,124,10,208,113,113
2337,6,124,10,208,113,113
2338,6,124,10,208,113,113
2339,6,124,10,208,113,113
2340,6,124,10,208,113,113
2341,6,124,10,208,113,113
2342,6,124,10,208,113,113
2343,6,124,10,208,113,113
2344,6,124,10,208,113,113
2345,8,24,11,218,24,24
2346,7,77,3,103,73,73
2347,7,77,3,103,73,73
2348,7,77,3,103,73,73
2349,7,77,3,103,73,73
2350,11,59,6,159,59,59
2351,7,77,3,103,73,73
2352,7,77,3,103,73,73
2353,7,77,3,103,73,73
2354,7,77,3,103,73,73
2355,7,77,3,103,73,73
2356,7,77,3,100,73,73
2357,7,77,3,100,73,73
2358,7,77,3,100,73,73
2359,7,77,3,100,73,73
2360,7,77,3,100,73,73
2361,7,77,3,100,73,73
2362,7,77,3,100,73,73
2363,7,77,3,100,73,73
2364,7,77,3,100,73,73
2365,7,77,3,100,73,73
2366,7,77,3,107,73,73
2367,7,77,3,100,73,73
2368,7,77,3,100,73,73
2369,5,36,7,169,35,35
2370,5,189,5,155,79,79
2371,7,17,3,99,17,17
2372,13,183,3,108,146,146
2373,13,183,3,108,146,146
2374,7,108,3,104,44,44
2375,7,108,3,104,44,44
